Timestamp,Apparent (VA),Active (W)
2022-11-08 17:33:00,305.15,172.6
2022-11-08 17:33:01,304.15,172.84
2022-11-08 17:33:02,305.51,173.26
2022-11-08 17:33:03,307.52,173.9
2022-11-08 17:33:04,305.58,174.22
2022-11-08 17:33:05,305.77,173.61
2022-11-08 17:33:06,306.39,173.41
2022-11-08 17:33:07,305.37,173.25
2022-11-08 17:33:08,306.17,173.15
2022-11-08 17:33:09,305.53,173.55
2022-11-08 17:33:10,305.15,173.08
2022-11-08 17:33:11,306.12,173.19
2022-11-08 17:33:12,305.24,173.54
2022-11-08 17:33:13,306.3,174.13
2022-11-08 17:33:14,306.02,173.76
2022-11-08 17:33:15,305.05,173.81
2022-11-08 17:33:16,305.55,173.54
2022-11-08 17:33:17,305.56,173.58
2022-11-08 17:33:18,306.02,174.19
2022-11-08 17:33:19,304.54,173.16
2022-11-08 17:33:20,305.62,174.01
2022-11-08 17:33:21,304.41,173.72
2022-11-08 17:33:22,304.14,173.1
2022-11-08 17:33:23,304.45,173.89
2022-11-08 17:33:24,303.74,173.97
2022-11-08 17:33:25,304.01,173.72
2022-11-08 17:33:26,304.54,174.41
2022-11-08 17:33:27,303.55,173.31
2022-11-08 17:33:28,302.1,173.05
2022-11-08 17:33:29,304.04,173.79
2022-11-08 17:33:30,302.5,173.29
2022-11-08 17:33:31,301.93,172.57
2022-11-08 17:33:32,304.03,173.64
2022-11-08 17:33:33,304.37,173.87
2022-11-08 17:33:34,303.62,173.29
2022-11-08 17:33:35,304.89,173.92
2022-11-08 17:33:36,305.86,173.45
2022-11-08 17:33:37,303.64,172.67
2022-11-08 17:33:38,305.63,173.41
2022-11-08 17:33:39,305.25,173.6
2022-11-08 17:33:40,304.45,172.76
2022-11-08 17:33:41,305.77,172.48
2022-11-08 17:33:42,305.01,173.11
2022-11-08 17:33:43,306.25,173.06
2022-11-08 17:33:44,305.15,172.76
2022-11-08 17:33:45,306.56,173.34
2022-11-08 17:33:46,305.24,172.93
2022-11-08 17:33:47,306.74,174.13
2022-11-08 17:33:48,308.36,174.11
2022-11-08 17:33:49,305.71,173.72
2022-11-08 17:33:50,306.07,173.35
2022-11-08 17:33:51,307.61,174.29
2022-11-08 17:33:52,307.08,174.33
2022-11-08 17:33:53,307.11,174.32
2022-11-08 17:33:54,305.61,173.19
2022-11-08 17:33:55,303.95,173.23
2022-11-08 17:33:56,305.5,173.03
2022-11-08 17:33:57,305.84,173.55
2022-11-08 17:33:58,305.63,174.27
2022-11-08 17:33:59,308.28,174.57
2022-11-08 17:34:00,305.63,173.44
2022-11-08 17:34:01,312.2,181.47
2022-11-08 17:34:02,316.82,181.76
2022-11-08 17:34:03,316.24,181.32
2022-11-08 17:34:04,317.35,182.1
2022-11-08 17:34:05,315.31,181.45
2022-11-08 17:34:06,316.48,181.33
2022-11-08 17:34:07,316.94,181.75
2022-11-08 17:34:08,315.45,181.54
2022-11-08 17:34:09,311.2,175.1
2022-11-08 17:34:10,308.23,172.9
2022-11-08 17:34:11,308.8,173.5
2022-11-08 17:34:12,309.09,173.17
2022-11-08 17:34:13,308.97,172.68
2022-11-08 17:34:14,308.51,172.97
2022-11-08 17:34:15,310.91,173.65
2022-11-08 17:34:16,309.78,173.77
2022-11-08 17:34:17,308.3,173.48
2022-11-08 17:34:18,309.49,173.08
2022-11-08 17:34:19,307.98,172.93
2022-11-08 17:34:20,306.87,172.95
2022-11-08 17:34:21,311.91,174.85
2022-11-08 17:34:22,309.11,173.77
2022-11-08 17:34:23,307.65,173.09
2022-11-08 17:34:24,307.8,172.59
2022-11-08 17:34:25,309.35,173.47
2022-11-08 17:34:26,309.4,174.02
2022-11-08 17:34:27,309.17,173.27
2022-11-08 17:34:28,310.2,172.68
2022-11-08 17:34:29,308.04,172.67
2022-11-08 17:34:30,309.75,173.22
2022-11-08 17:34:31,309.06,172.45
2022-11-08 17:34:32,309.45,173.1
2022-11-08 17:34:33,310.7,174.0
2022-11-08 17:34:34,309.57,173.72
2022-11-08 17:34:35,309.96,173.28
2022-11-08 17:34:36,307.62,172.64
2022-11-08 17:34:37,308.28,172.43
2022-11-08 17:34:38,307.33,172.26
2022-11-08 17:34:39,307.33,172.52
2022-11-08 17:34:40,306.14,172.3
2022-11-08 17:34:41,306.72,172.66
2022-11-08 17:34:42,306.71,173.18
2022-11-08 17:34:43,306.86,173.3
2022-11-08 17:34:44,306.29,173.27
2022-11-08 17:34:45,306.46,172.71
2022-11-08 17:34:46,306.19,172.72
2022-11-08 17:34:47,306.62,173.39
2022-11-08 17:34:48,306.84,173.06
2022-11-08 17:34:49,304.8,172.47
2022-11-08 17:34:50,305.34,172.6
2022-11-08 17:34:51,305.36,172.69
2022-11-08 17:34:52,304.97,172.57
2022-11-08 17:34:53,308.28,174.24
2022-11-08 17:34:54,305.88,173.62
2022-11-08 17:34:55,304.97,172.61
2022-11-08 17:34:56,305.58,173.08
2022-11-08 17:34:57,304.74,173.4
2022-11-08 17:34:58,305.21,172.97
2022-11-08 17:34:59,304.83,172.96
2022-11-08 17:35:00,305.6,173.06
2022-11-08 17:35:01,304.8,173.51
2022-11-08 17:35:02,305.66,173.54
2022-11-08 17:35:03,306.87,174.55
2022-11-08 17:35:04,305.62,173.74
2022-11-08 17:35:05,305.95,173.16
2022-11-08 17:35:06,304.4,173.02
2022-11-08 17:35:07,2023.64,1930.65
2022-11-08 17:35:08,3773.92,3758.57
2022-11-08 17:35:09,3756.14,3741.45
2022-11-08 17:35:10,3747.1,3732.39
2022-11-08 17:35:11,3743.21,3728.45
2022-11-08 17:35:12,3741.55,3726.9
2022-11-08 17:35:13,3737.69,3723.01
2022-11-08 17:35:14,3733.71,3718.81
2022-11-08 17:35:15,3730.0,3715.31
2022-11-08 17:35:16,3727.85,3713.17
2022-11-08 17:35:17,3727.59,3712.75
2022-11-08 17:35:18,3727.56,3712.93
2022-11-08 17:35:19,3729.63,3714.94
2022-11-08 17:35:20,3732.0,3717.35
2022-11-08 17:35:21,3736.1,3721.43
2022-11-08 17:35:22,3733.19,3718.54
2022-11-08 17:35:23,3733.61,3719.11
2022-11-08 17:35:24,3728.8,3714.26
2022-11-08 17:35:25,3723.7,3709.04
2022-11-08 17:35:26,3721.82,3707.23
2022-11-08 17:35:27,3722.01,3707.36
2022-11-08 17:35:28,3723.74,3709.17
2022-11-08 17:35:29,3724.8,3709.7
2022-11-08 17:35:30,3727.28,3711.7
2022-11-08 17:35:31,3725.57,3710.38
2022-11-08 17:35:32,3725.26,3709.96
2022-11-08 17:35:33,3722.79,3707.27
2022-11-08 17:35:34,3722.43,3707.29
2022-11-08 17:35:35,3720.39,3704.89
2022-11-08 17:35:36,3720.95,3706.04
2022-11-08 17:35:37,3722.23,3707.57
2022-11-08 17:35:38,3724.24,3709.27
2022-11-08 17:35:39,3725.78,3711.35
2022-11-08 17:35:40,3727.88,3713.25
2022-11-08 17:35:41,3730.47,3715.61
2022-11-08 17:35:42,3730.62,3715.96
2022-11-08 17:35:43,3728.24,3713.64
2022-11-08 17:35:44,3727.2,3712.59
2022-11-08 17:35:45,3725.25,3710.71
2022-11-08 17:35:46,3725.07,3710.37
2022-11-08 17:35:47,3726.29,3711.64
2022-11-08 17:35:48,3729.74,3715.16
2022-11-08 17:35:49,3738.26,3723.5
2022-11-08 17:35:50,3736.7,3721.99
2022-11-08 17:35:51,3738.82,3724.01
2022-11-08 17:35:52,3739.04,3724.44
2022-11-08 17:35:53,3735.63,3721.02
2022-11-08 17:35:54,3734.68,3720.03
2022-11-08 17:35:55,3730.62,3716.01
2022-11-08 17:35:56,3728.45,3713.82
2022-11-08 17:35:57,3731.6,3716.89
2022-11-08 17:35:58,3736.32,3721.64
2022-11-08 17:35:59,3735.01,3720.19
2022-11-08 17:36:00,3739.46,3724.71
2022-11-08 17:36:01,3742.61,3727.64
2022-11-08 17:36:02,3743.61,3728.75
2022-11-08 17:36:03,3739.9,3724.84
2022-11-08 17:36:04,3736.96,3722.02
2022-11-08 17:36:05,3734.04,3719.13
2022-11-08 17:36:06,3732.56,3717.55
2022-11-08 17:36:07,3730.44,3715.4
2022-11-08 17:36:08,3732.05,3717.02
2022-11-08 17:36:09,3735.38,3720.43
2022-11-08 17:36:10,3736.8,3721.81
2022-11-08 17:36:11,3738.79,3723.61
2022-11-08 17:36:12,3731.16,3716.04
2022-11-08 17:36:13,3730.71,3715.4
2022-11-08 17:36:14,3729.54,3714.47
2022-11-08 17:36:15,3724.61,3709.21
2022-11-08 17:36:16,3724.26,3708.91
2022-11-08 17:36:17,3726.94,3711.95
2022-11-08 17:36:18,3726.91,3711.9
2022-11-08 17:36:19,3729.03,3714.04
2022-11-08 17:36:20,3727.34,3712.7
2022-11-08 17:36:21,3726.58,3711.49
2022-11-08 17:36:22,3729.02,3714.5
2022-11-08 17:36:23,3725.12,3710.2
2022-11-08 17:36:24,3726.69,3711.86
2022-11-08 17:36:25,3729.16,3714.28
2022-11-08 17:36:26,3727.72,3712.72
2022-11-08 17:36:27,3729.69,3714.62
2022-11-08 17:36:28,3730.73,3715.59
2022-11-08 17:36:29,3735.34,3720.44
2022-11-08 17:36:30,3734.68,3719.68
2022-11-08 17:36:31,3735.28,3720.4
2022-11-08 17:36:32,3737.95,3722.77
2022-11-08 17:36:33,3734.1,3719.19
2022-11-08 17:36:34,3734.54,3719.66
2022-11-08 17:36:35,3730.31,3715.44
2022-11-08 17:36:36,3729.36,3714.77
2022-11-08 17:36:37,3727.43,3712.55
2022-11-08 17:36:38,3725.13,3710.39
2022-11-08 17:36:39,3725.06,3710.27
2022-11-08 17:36:40,3727.22,3712.37
2022-11-08 17:36:41,3727.61,3713.14
2022-11-08 17:36:42,3734.32,3719.58
2022-11-08 17:36:43,3732.94,3718.1
2022-11-08 17:36:44,3732.72,3718.16
2022-11-08 17:36:45,3731.37,3716.57
2022-11-08 17:36:46,3724.97,3710.32
2022-11-08 17:36:47,3724.55,3709.92
2022-11-08 17:36:48,3724.3,3709.32
2022-11-08 17:36:49,3721.96,3707.43
2022-11-08 17:36:50,3721.66,3707.07
2022-11-08 17:36:51,3724.74,3709.98
2022-11-08 17:36:52,3723.89,3709.3
2022-11-08 17:36:53,3727.13,3712.26
2022-11-08 17:36:54,3726.02,3711.34
2022-11-08 17:36:55,3724.41,3709.7
2022-11-08 17:36:56,3721.65,3706.81
2022-11-08 17:36:57,3718.98,3704.13
2022-11-08 17:36:58,3717.78,3702.99
2022-11-08 17:36:59,3713.02,3698.38
2022-11-08 17:37:00,3713.21,3698.46
2022-11-08 17:37:01,3719.17,3704.28
2022-11-08 17:37:02,3721.05,3706.27
2022-11-08 17:37:03,3720.58,3705.98
2022-11-08 17:37:04,3723.3,3708.38
2022-11-08 17:37:05,3722.97,3708.29
2022-11-08 17:37:06,3722.13,3707.41
2022-11-08 17:37:07,3721.57,3706.71
2022-11-08 17:37:08,3715.91,3701.26
2022-11-08 17:37:09,3717.32,3702.39
2022-11-08 17:37:10,3717.3,3702.5
2022-11-08 17:37:11,3721.72,3706.85
2022-11-08 17:37:12,3725.95,3711.15
2022-11-08 17:37:13,3729.55,3714.7
2022-11-08 17:37:14,3727.94,3713.23
2022-11-08 17:37:15,3729.28,3714.34
2022-11-08 17:37:16,3724.11,3709.28
2022-11-08 17:37:17,3722.86,3708.24
2022-11-08 17:37:18,3718.02,3702.98
2022-11-08 17:37:19,3715.61,3700.25
2022-11-08 17:37:20,3717.59,3701.86
2022-11-08 17:37:21,3717.78,3702.3
2022-11-08 17:37:22,3715.71,3700.28
2022-11-08 17:37:23,3713.16,3697.61
2022-11-08 17:37:24,3717.28,3701.96
2022-11-08 17:37:25,3719.04,3703.8
2022-11-08 17:37:26,3719.55,3704.44
2022-11-08 17:37:27,3718.65,3703.68
2022-11-08 17:37:28,3713.35,3698.34
2022-11-08 17:37:29,3712.98,3697.76
2022-11-08 17:37:30,3718.76,3703.65
2022-11-08 17:37:31,3718.39,3703.49
2022-11-08 17:37:32,3712.85,3698.25
2022-11-08 17:37:33,3714.39,3699.54
2022-11-08 17:37:34,3718.06,3703.07
2022-11-08 17:37:35,3713.71,3698.67
2022-11-08 17:37:36,3719.06,3703.96
2022-11-08 17:37:37,3717.79,3702.79
2022-11-08 17:37:38,3714.2,3698.87
2022-11-08 17:37:39,3714.42,3699.26
2022-11-08 17:37:40,3713.61,3698.57
2022-11-08 17:37:41,3716.41,3701.0
2022-11-08 17:37:42,3714.98,3699.82
2022-11-08 17:37:43,3713.11,3698.19
2022-11-08 17:37:44,3711.39,3696.24
2022-11-08 17:37:45,3714.71,3699.58
2022-11-08 17:37:46,3716.21,3701.27
2022-11-08 17:37:47,3715.43,3700.38
2022-11-08 17:37:48,3713.01,3698.03
2022-11-08 17:37:49,3710.59,3695.58
2022-11-08 17:37:50,3709.27,3694.36
2022-11-08 17:37:51,3710.02,3695.2
2022-11-08 17:37:52,3713.07,3698.09
2022-11-08 17:37:53,3715.85,3700.85
2022-11-08 17:37:54,3711.89,3696.97
2022-11-08 17:37:55,3719.06,3704.01
2022-11-08 17:37:56,3719.92,3705.04
2022-11-08 17:37:57,3717.44,3702.42
2022-11-08 17:37:58,3718.85,3703.96
2022-11-08 17:37:59,3714.31,3699.15
2022-11-08 17:38:00,3710.04,3695.24
2022-11-08 17:38:01,3710.0,3695.04
2022-11-08 17:38:02,3709.5,3694.58
2022-11-08 17:38:03,3713.2,3698.21
2022-11-08 17:38:04,3711.14,3696.19
2022-11-08 17:38:05,3714.42,3699.5
2022-11-08 17:38:06,3714.72,3699.9
2022-11-08 17:38:07,3716.4,3701.83
2022-11-08 17:38:08,3718.67,3703.89
2022-11-08 17:38:09,3715.06,3700.6
2022-11-08 17:38:10,3711.12,3696.58
2022-11-08 17:38:11,3705.54,3691.03
2022-11-08 17:38:12,3706.06,3691.4
2022-11-08 17:38:13,3711.21,3696.56
2022-11-08 17:38:14,3711.98,3697.24
2022-11-08 17:38:15,3710.7,3695.96
2022-11-08 17:38:16,3713.58,3698.96
2022-11-08 17:38:17,3712.24,3697.45
2022-11-08 17:38:18,3708.33,3693.66
2022-11-08 17:38:19,3707.73,3693.02
2022-11-08 17:38:20,3707.94,3693.07
2022-11-08 17:38:21,3708.09,3693.36
2022-11-08 17:38:22,3708.2,3693.26
2022-11-08 17:38:23,3706.69,3691.87
2022-11-08 17:38:24,3708.91,3694.32
2022-11-08 17:38:25,3711.94,3696.71
2022-11-08 17:38:26,3711.36,3695.87
2022-11-08 17:38:27,3713.77,3698.53
2022-11-08 17:38:28,3714.83,3699.15
2022-11-08 17:38:29,3717.16,3701.74
2022-11-08 17:38:30,3718.01,3702.49
2022-11-08 17:38:31,3711.8,3696.26
2022-11-08 17:38:32,3709.88,3694.39
2022-11-08 17:38:33,3712.74,3697.98
2022-11-08 17:38:34,3715.84,3700.98
2022-11-08 17:38:35,3710.02,3695.31
2022-11-08 17:38:36,3715.63,3700.76
2022-11-08 17:38:37,3720.25,3705.53
2022-11-08 17:38:38,3716.79,3702.18
2022-11-08 17:38:39,3719.43,3704.5
2022-11-08 17:38:40,3721.67,3706.73
2022-11-08 17:38:41,3722.29,3707.5
2022-11-08 17:38:42,3724.01,3709.29
2022-11-08 17:38:43,3720.06,3705.33
2022-11-08 17:38:44,3717.91,3703.03
2022-11-08 17:38:45,3717.61,3702.73
2022-11-08 17:38:46,3718.89,3704.09
2022-11-08 17:38:47,3720.78,3705.85
2022-11-08 17:38:48,3715.82,3701.06
2022-11-08 17:38:49,3719.1,3704.13
2022-11-08 17:38:50,3719.46,3704.61
2022-11-08 17:38:51,3719.34,3704.35
2022-11-08 17:38:52,3721.32,3706.46
2022-11-08 17:38:53,3714.53,3699.46
2022-11-08 17:38:54,3714.85,3699.9
2022-11-08 17:38:55,3712.0,3696.97
2022-11-08 17:38:56,3713.16,3697.88
2022-11-08 17:38:57,3707.98,3692.97
2022-11-08 17:38:58,3712.27,3697.19
2022-11-08 17:38:59,3715.83,3700.78
2022-11-08 17:39:00,3712.4,3697.32
2022-11-08 17:39:01,3716.35,3701.25
2022-11-08 17:39:02,3718.61,3703.49
2022-11-08 17:39:03,3711.95,3696.95
2022-11-08 17:39:04,3715.5,3700.34
2022-11-08 17:39:05,3716.09,3701.01
2022-11-08 17:39:06,3715.89,3700.91
2022-11-08 17:39:07,3716.63,3701.5
2022-11-08 17:39:08,3716.64,3701.61
2022-11-08 17:39:09,3713.91,3698.7
2022-11-08 17:39:10,3714.57,3699.39
2022-11-08 17:39:11,3719.85,3704.71
2022-11-08 17:39:12,3720.19,3705.04
2022-11-08 17:39:13,3722.34,3707.23
2022-11-08 17:39:14,3722.47,3707.42
2022-11-08 17:39:15,3720.1,3705.25
2022-11-08 17:39:16,3718.27,3703.2
2022-11-08 17:39:17,3717.46,3702.37
2022-11-08 17:39:18,3711.34,3696.24
2022-11-08 17:39:19,3711.05,3695.88
2022-11-08 17:39:20,3712.59,3697.47
2022-11-08 17:39:21,3713.63,3698.51
2022-11-08 17:39:22,3717.79,3702.78
2022-11-08 17:39:23,3717.89,3702.95
2022-11-08 17:39:24,3720.88,3705.7
2022-11-08 17:39:25,3719.62,3704.58
2022-11-08 17:39:26,3716.92,3701.72
2022-11-08 17:39:27,3714.93,3699.73
2022-11-08 17:39:28,3712.93,3697.91
2022-11-08 17:39:29,3712.2,3697.16
2022-11-08 17:39:30,3712.06,3697.08
2022-11-08 17:39:31,3713.81,3698.81
2022-11-08 17:39:32,2114.32,2040.96
2022-11-08 17:39:33,300.41,169.33
2022-11-08 17:39:34,300.78,170.22
2022-11-08 17:39:35,300.89,170.42
2022-11-08 17:39:36,298.55,169.12
2022-11-08 17:39:37,299.94,169.69
2022-11-08 17:39:38,298.97,169.35
2022-11-08 17:39:39,299.04,170.06
2022-11-08 17:39:40,300.56,169.71
2022-11-08 17:39:41,299.85,169.94
2022-11-08 17:39:42,299.05,168.67
2022-11-08 17:39:43,299.98,168.98
2022-11-08 17:39:44,299.16,169.29
2022-11-08 17:39:45,299.36,169.51
2022-11-08 17:39:46,302.4,170.73
2022-11-08 17:39:47,300.23,170.73
2022-11-08 17:39:48,299.99,169.4
2022-11-08 17:39:49,299.97,169.2
2022-11-08 17:39:50,298.54,169.06
2022-11-08 17:39:51,299.03,168.96
2022-11-08 17:39:52,299.8,169.11
2022-11-08 17:39:53,298.29,168.62
2022-11-08 17:39:54,299.42,168.94
2022-11-08 17:39:55,298.54,169.17
2022-11-08 17:39:56,299.78,169.52
2022-11-08 17:39:57,300.2,169.93
2022-11-08 17:39:58,297.99,168.77
2022-11-08 17:39:59,299.86,169.13
2022-11-08 17:40:00,298.49,168.94
2022-11-08 17:40:01,298.56,169.18
2022-11-08 17:40:02,299.73,169.5
2022-11-08 17:40:03,299.3,169.31
2022-11-08 17:40:04,298.59,169.26
2022-11-08 17:40:05,298.62,169.23
2022-11-08 17:40:06,297.16,168.66
2022-11-08 17:40:07,299.76,169.19
2022-11-08 17:40:08,298.0,167.78
2022-11-08 17:40:09,297.97,166.91
2022-11-08 17:40:10,297.15,167.21
2022-11-08 17:40:11,297.05,167.69
2022-11-08 17:40:12,297.07,167.1
2022-11-08 17:40:13,297.33,167.55
2022-11-08 17:40:14,299.18,166.99
2022-11-08 17:40:15,298.39,167.59
2022-11-08 17:40:16,299.38,168.0
2022-11-08 17:40:17,298.41,167.18
2022-11-08 17:40:18,298.82,167.01
2022-11-08 17:40:19,298.3,166.78
2022-11-08 17:40:20,297.48,167.42
2022-11-08 17:40:21,298.05,166.92
2022-11-08 17:40:22,297.36,167.32
2022-11-08 17:40:23,297.32,166.47
2022-11-08 17:40:24,297.98,167.35
2022-11-08 17:40:25,297.29,166.94
2022-11-08 17:40:26,295.65,167.49
2022-11-08 17:40:27,297.78,168.51
2022-11-08 17:40:28,295.66,167.73
2022-11-08 17:40:29,298.4,167.53
2022-11-08 17:40:30,297.13,166.82
2022-11-08 17:40:31,299.45,167.59
2022-11-08 17:40:32,297.74,167.2
2022-11-08 17:40:33,297.72,166.39
2022-11-08 17:40:34,297.52,167.09
2022-11-08 17:40:35,297.69,166.76
2022-11-08 17:40:36,300.9,167.96
2022-11-08 17:40:37,299.13,167.26
2022-11-08 17:40:38,298.0,166.71
2022-11-08 17:40:39,299.06,166.26
2022-11-08 17:40:40,296.43,166.69
2022-11-08 17:40:41,296.96,166.47
2022-11-08 17:40:42,296.24,166.54
2022-11-08 17:40:43,296.17,166.35
2022-11-08 17:40:44,299.51,166.98
2022-11-08 17:40:45,297.99,166.85
2022-11-08 17:40:46,299.47,166.75
2022-11-08 17:40:47,300.52,167.9
2022-11-08 17:40:48,296.69,166.91
2022-11-08 17:40:49,297.86,166.93
2022-11-08 17:40:50,296.94,166.88
2022-11-08 17:40:51,298.5,167.35
2022-11-08 17:40:52,300.38,167.16
2022-11-08 17:40:53,300.25,167.08
2022-11-08 17:40:54,298.76,166.9
2022-11-08 17:40:55,299.31,167.27
2022-11-08 17:40:56,300.77,167.17
2022-11-08 17:40:57,301.45,167.25
2022-11-08 17:40:58,300.34,166.94
2022-11-08 17:40:59,302.66,167.72
2022-11-08 17:41:00,298.53,166.38
2022-11-08 17:41:01,300.55,166.85
2022-11-08 17:41:02,301.7,166.36
2022-11-08 17:41:03,298.74,166.14
2022-11-08 17:41:04,298.11,166.03
2022-11-08 17:41:05,297.96,166.11
2022-11-08 17:41:06,295.39,165.27
2022-11-08 17:41:07,297.22,166.1
2022-11-08 17:41:08,297.69,165.65
2022-11-08 17:41:09,297.57,165.74
2022-11-08 17:41:10,299.67,166.54
2022-11-08 17:41:11,298.77,166.36
2022-11-08 17:41:12,298.07,166.16
2022-11-08 17:41:13,297.73,166.27
2022-11-08 17:41:14,296.43,166.03
2022-11-08 17:41:15,296.94,166.06
2022-11-08 17:41:16,296.09,166.26
2022-11-08 17:41:17,296.12,166.32
2022-11-08 17:41:18,298.5,166.67
2022-11-08 17:41:19,297.18,166.55
2022-11-08 17:41:20,298.32,166.5
2022-11-08 17:41:21,300.65,167.66
2022-11-08 17:41:22,298.11,166.38
2022-11-08 17:41:23,298.32,166.9
2022-11-08 17:41:24,298.43,166.15
2022-11-08 17:41:25,298.03,166.19
2022-11-08 17:41:26,299.13,166.77
2022-11-08 17:41:27,297.29,166.03
2022-11-08 17:41:28,296.64,166.33
2022-11-08 17:41:29,295.97,165.9
2022-11-08 17:41:30,297.99,166.53
2022-11-08 17:41:31,299.27,166.47
2022-11-08 17:41:32,299.13,166.53
2022-11-08 17:41:33,298.32,166.61
2022-11-08 17:41:34,297.79,165.89
2022-11-08 17:41:35,298.95,166.03
2022-11-08 17:41:36,296.35,165.68
2022-11-08 17:41:37,296.79,165.79
2022-11-08 17:41:38,297.41,165.56
2022-11-08 17:41:39,297.37,165.62
2022-11-08 17:41:40,297.66,165.97
2022-11-08 17:41:41,297.92,165.84
2022-11-08 17:41:42,298.52,165.86
2022-11-08 17:41:43,298.96,166.56
2022-11-08 17:41:44,300.61,167.03
2022-11-08 17:41:45,297.78,166.17
2022-11-08 17:41:46,297.43,166.05
2022-11-08 17:41:47,299.0,165.99
2022-11-08 17:41:48,297.58,165.85
2022-11-08 17:41:49,296.64,165.79
2022-11-08 17:41:50,297.66,165.55
2022-11-08 17:41:51,298.34,166.45
2022-11-08 17:41:52,297.55,165.88
2022-11-08 17:41:53,299.78,166.52
2022-11-08 17:41:54,302.91,166.11
2022-11-08 17:41:55,303.79,166.38
2022-11-08 17:41:56,304.86,167.17
2022-11-08 17:41:57,303.11,166.17
2022-11-08 17:41:58,302.67,166.93
2022-11-08 17:41:59,299.84,165.78
2022-11-08 17:42:00,302.35,166.34
2022-11-08 17:42:01,297.21,166.05
2022-11-08 17:42:02,296.28,165.78
2022-11-08 17:42:03,298.29,166.05
2022-11-08 17:42:04,298.07,166.41
2022-11-08 17:42:05,296.57,165.86
2022-11-08 17:42:06,296.85,166.17
2022-11-08 17:42:07,296.57,165.89
2022-11-08 17:42:08,298.46,165.8
2022-11-08 17:42:09,296.81,166.48
2022-11-08 17:42:10,297.25,166.11
2022-11-08 17:42:11,296.93,166.05
2022-11-08 17:42:12,299.16,167.34
2022-11-08 17:42:13,297.48,166.74
2022-11-08 17:42:14,298.21,166.25
2022-11-08 17:42:15,297.07,165.54
2022-11-08 17:42:16,296.31,165.51
2022-11-08 17:42:17,298.47,166.16
2022-11-08 17:42:18,295.79,165.81
2022-11-08 17:42:19,296.57,166.23
2022-11-08 17:42:20,296.35,165.54
2022-11-08 17:42:21,295.05,165.69
2022-11-08 17:42:22,296.27,166.32
2022-11-08 17:42:23,296.67,165.78
2022-11-08 17:42:24,294.97,165.75
2022-11-08 17:42:25,298.53,166.68
2022-11-08 17:42:26,296.64,166.17
2022-11-08 17:42:27,295.21,165.98
2022-11-08 17:42:28,294.77,165.52
2022-11-08 17:42:29,294.57,166.2
2022-11-08 17:42:30,295.22,166.34
2022-11-08 17:42:31,292.78,165.58
2022-11-08 17:42:32,291.96,165.68
2022-11-08 17:42:33,292.75,165.73
2022-11-08 17:42:34,293.88,165.67
2022-11-08 17:42:35,293.77,165.19
2022-11-08 17:42:36,295.09,165.5
2022-11-08 17:42:37,295.71,165.66
2022-11-08 17:42:38,293.95,165.48
2022-11-08 17:42:39,295.3,165.07
2022-11-08 17:42:40,296.08,166.14
2022-11-08 17:42:41,296.87,165.22
2022-11-08 17:42:42,296.5,166.09
2022-11-08 17:42:43,296.02,165.65
2022-11-08 17:42:44,296.54,165.53
2022-11-08 17:42:45,299.36,166.71
2022-11-08 17:42:46,298.24,165.99
2022-11-08 17:42:47,298.07,165.89
2022-11-08 17:42:48,299.13,165.17
2022-11-08 17:42:49,300.31,165.63
2022-11-08 17:42:50,299.79,165.78
2022-11-08 17:42:51,299.11,165.03
2022-11-08 17:42:52,300.14,166.0
2022-11-08 17:42:53,300.78,165.63
2022-11-08 17:42:54,297.57,165.59
2022-11-08 17:42:55,296.85,164.98
2022-11-08 17:42:56,298.02,165.61
2022-11-08 17:42:57,298.17,164.78
2022-11-08 17:42:58,297.09,166.02
2022-11-08 17:42:59,296.08,165.31
2022-11-08 17:43:00,298.19,165.84
2022-11-08 17:43:01,298.45,166.0
2022-11-08 17:43:02,295.87,165.39
2022-11-08 17:43:03,295.68,165.24
2022-11-08 17:43:04,297.34,165.14
2022-11-08 17:43:05,296.18,165.38
2022-11-08 17:43:06,295.77,165.16
2022-11-08 17:43:07,295.65,164.47
2022-11-08 17:43:08,297.15,164.95
2022-11-08 17:43:09,296.75,164.85
2022-11-08 17:43:10,297.8,164.34
2022-11-08 17:43:11,301.5,164.98
2022-11-08 17:43:12,298.95,164.24
2022-11-08 17:43:13,298.07,164.75
2022-11-08 17:43:14,298.73,164.83
2022-11-08 17:43:15,300.54,165.42
2022-11-08 17:43:16,300.56,165.07
2022-11-08 17:43:17,302.89,165.34
2022-11-08 17:43:18,303.4,164.9
2022-11-08 17:43:19,303.56,164.52
2022-11-08 17:43:20,303.56,164.98
2022-11-08 17:43:21,302.28,164.87
2022-11-08 17:43:22,301.97,164.63
2022-11-08 17:43:23,302.5,165.23
2022-11-08 17:43:24,303.71,164.71
2022-11-08 17:43:25,304.79,165.06
2022-11-08 17:43:26,303.33,164.33
2022-11-08 17:43:27,304.0,164.58
2022-11-08 17:43:28,302.68,164.57
2022-11-08 17:43:29,302.05,164.41
2022-11-08 17:43:30,304.7,165.63
2022-11-08 17:43:31,298.72,165.05
2022-11-08 17:43:32,296.68,164.66
2022-11-08 17:43:33,296.84,164.53
2022-11-08 17:43:34,295.65,164.74
2022-11-08 17:43:35,295.76,164.39
2022-11-08 17:43:36,294.34,163.86
2022-11-08 17:43:37,295.03,164.35
2022-11-08 17:43:38,296.47,165.34
2022-11-08 17:43:39,295.64,165.06
2022-11-08 17:43:40,297.67,165.61
2022-11-08 17:43:41,297.55,165.83
2022-11-08 17:43:42,295.09,164.9
2022-11-08 17:43:43,295.72,164.55
2022-11-08 17:43:44,293.93,164.72
2022-11-08 17:43:45,294.38,164.73
2022-11-08 17:43:46,295.17,164.86
2022-11-08 17:43:47,294.54,164.42
2022-11-08 17:43:48,295.54,164.79
2022-11-08 17:43:49,295.72,164.55
2022-11-08 17:43:50,296.59,165.05
2022-11-08 17:43:51,298.03,165.59
2022-11-08 17:43:52,296.0,165.0
2022-11-08 17:43:53,295.29,164.14
2022-11-08 17:43:54,297.4,164.88
2022-11-08 17:43:55,295.2,164.64
2022-11-08 17:43:56,295.18,164.37
2022-11-08 17:43:57,295.67,163.9
2022-11-08 17:43:58,295.9,164.34
2022-11-08 17:43:59,296.66,164.27
2022-11-08 17:44:00,295.83,163.74
2022-11-08 17:44:01,294.49,164.22
2022-11-08 17:44:02,293.99,164.2
2022-11-08 17:44:03,294.87,164.99
2022-11-08 17:44:04,294.3,163.72
2022-11-08 17:44:05,295.24,164.49
2022-11-08 17:44:06,295.03,163.75
2022-11-08 17:44:07,294.09,164.03
2022-11-08 17:44:08,296.78,164.59
2022-11-08 17:44:09,296.33,163.89
2022-11-08 17:44:10,295.92,164.14
2022-11-08 17:44:11,295.25,164.34
2022-11-08 17:44:12,295.99,164.27
2022-11-08 17:44:13,295.14,164.02
2022-11-08 17:44:14,295.49,164.24
2022-11-08 17:44:15,298.18,165.06
2022-11-08 17:44:16,295.93,164.45
2022-11-08 17:44:17,295.64,164.24
2022-11-08 17:44:18,296.93,164.43
2022-11-08 17:44:19,296.39,164.32
2022-11-08 17:44:20,295.55,164.56
2022-11-08 17:44:21,296.58,164.52
2022-11-08 17:44:22,295.13,164.71
2022-11-08 17:44:23,294.51,163.84
2022-11-08 17:44:24,294.67,164.8
2022-11-08 17:44:25,292.98,164.08
2022-11-08 17:44:26,293.43,164.21
2022-11-08 17:44:27,295.77,165.59
2022-11-08 17:44:28,294.59,164.47
2022-11-08 17:44:29,294.63,164.18
2022-11-08 17:44:30,295.13,163.7
2022-11-08 17:44:31,293.78,164.08
2022-11-08 17:44:32,295.6,164.22
2022-11-08 17:44:33,299.62,163.99
2022-11-08 17:44:34,298.47,164.11
2022-11-08 17:44:35,297.72,164.36
2022-11-08 17:44:36,296.03,164.41
2022-11-08 17:44:37,297.96,164.23
2022-11-08 17:44:38,299.5,165.14
2022-11-08 17:44:39,297.93,163.86
2022-11-08 17:44:40,297.86,164.57
2022-11-08 17:44:41,295.62,163.91
2022-11-08 17:44:42,295.9,164.62
2022-11-08 17:44:43,296.78,164.46
2022-11-08 17:44:44,296.12,163.83
2022-11-08 17:44:45,296.07,164.17
2022-11-08 17:44:46,297.18,163.8
2022-11-08 17:44:47,296.31,164.11
2022-11-08 17:44:48,295.44,163.13
2022-11-08 17:44:49,296.96,164.01
2022-11-08 17:44:50,297.09,164.56
2022-11-08 17:44:51,295.31,164.0
2022-11-08 17:44:52,296.06,163.78
2022-11-08 17:44:53,295.62,162.75
2022-11-08 17:44:54,295.16,164.09
2022-11-08 17:44:55,295.53,163.66
2022-11-08 17:44:56,295.62,163.28
2022-11-08 17:44:57,295.79,163.42
2022-11-08 17:44:58,297.29,163.81
2022-11-08 17:44:59,296.9,163.31
2022-11-08 17:45:00,297.12,163.41
2022-11-08 17:45:01,299.19,164.59
2022-11-08 17:45:02,297.33,163.9
2022-11-08 17:45:03,298.28,163.73
2022-11-08 17:45:04,297.13,163.41
2022-11-08 17:45:05,295.56,164.05
2022-11-08 17:45:06,296.15,163.53
2022-11-08 17:45:07,296.73,164.21
2022-11-08 17:45:08,296.44,163.94
2022-11-08 17:45:09,296.73,163.76
2022-11-08 17:45:10,298.08,164.16
2022-11-08 17:45:11,299.62,164.8
2022-11-08 17:45:12,297.69,164.02
2022-11-08 17:45:13,297.01,163.51
2022-11-08 17:45:14,297.74,163.75
2022-11-08 17:45:15,296.24,163.13
2022-11-08 17:45:16,297.44,163.56
2022-11-08 17:45:17,298.1,164.06
2022-11-08 17:45:18,297.66,163.84
2022-11-08 17:45:19,297.11,163.93
2022-11-08 17:45:20,298.03,164.33
2022-11-08 17:45:21,296.37,164.08
2022-11-08 17:45:22,296.95,163.97
2022-11-08 17:45:23,297.73,164.4
2022-11-08 17:45:24,296.74,164.31
2022-11-08 17:45:25,296.47,163.65
2022-11-08 17:45:26,296.27,163.74
2022-11-08 17:45:27,295.05,163.24
2022-11-08 17:45:28,293.59,163.5
2022-11-08 17:45:29,293.61,163.27
2022-11-08 17:45:30,291.87,162.83
2022-11-08 17:45:31,292.5,163.47
2022-11-08 17:45:32,291.03,162.84
2022-11-08 17:45:33,291.85,163.01
2022-11-08 17:45:34,292.48,163.83
2022-11-08 17:45:35,291.75,163.54
2022-11-08 17:45:36,291.18,163.02
2022-11-08 17:45:37,293.38,163.02
2022-11-08 17:45:38,291.6,162.83
2022-11-08 17:45:39,290.65,162.62
2022-11-08 17:45:40,292.19,162.9
2022-11-08 17:45:41,291.19,162.98
2022-11-08 17:45:42,291.96,162.66
2022-11-08 17:45:43,291.9,162.28
2022-11-08 17:45:44,290.68,162.57
2022-11-08 17:45:45,289.25,162.3
2022-11-08 17:45:46,292.2,163.72
2022-11-08 17:45:47,290.95,163.12
2022-11-08 17:45:48,290.88,162.44
2022-11-08 17:45:49,292.06,162.65
2022-11-08 17:45:50,291.74,163.02
2022-11-08 17:45:51,292.24,162.99
2022-11-08 17:45:52,291.94,162.15
2022-11-08 17:45:53,291.72,163.14
2022-11-08 17:45:54,291.03,162.49
2022-11-08 17:45:55,292.18,162.82
2022-11-08 17:45:56,291.09,162.96
2022-11-08 17:45:57,291.93,163.24
2022-11-08 17:45:58,293.8,163.87
2022-11-08 17:45:59,291.07,163.87
2022-11-08 17:46:00,291.65,162.87
2022-11-08 17:46:01,292.14,163.48
2022-11-08 17:46:02,291.37,163.57
2022-11-08 17:46:03,292.19,163.4
2022-11-08 17:46:04,290.44,163.04
2022-11-08 17:46:05,289.88,162.5
2022-11-08 17:46:06,291.47,163.34
2022-11-08 17:46:07,291.56,162.93
2022-11-08 17:46:08,292.61,163.0
2022-11-08 17:46:09,294.6,163.69
2022-11-08 17:46:10,293.02,162.85
2022-11-08 17:46:11,294.76,162.52
2022-11-08 17:46:12,295.69,162.97
2022-11-08 17:46:13,294.17,162.8
2022-11-08 17:46:14,295.89,162.83
2022-11-08 17:46:15,295.24,162.86
2022-11-08 17:46:16,295.13,162.7
2022-11-08 17:46:17,294.64,162.76
2022-11-08 17:46:18,295.25,162.83
2022-11-08 17:46:19,294.29,162.92
2022-11-08 17:46:20,295.68,163.52
2022-11-08 17:46:21,292.87,163.03
