Timestamp,kettle,vacuum,water_heater,oven,fridge,washing_machine,dryer,aircond
2022-09-27 15:52:32,0.0,0.0,0.0,0.0,0.0,0.0,0.0,0.0
2022-09-27 15:52:33,0.0,0.0,0.0,0.0,0.0,0.0,0.0,0.0
2022-09-27 15:52:34,0.0,0.0,0.0,0.0,0.0,0.0,0.0,0.0
2022-09-27 15:52:35,0.0,0.0,0.0,0.0,0.0,0.0,0.0,0.0
2022-09-27 15:52:36,0.0,0.0,0.0,0.0,0.0,0.0,0.0,0.0
2022-09-27 15:52:37,0.0,0.0,0.0,0.0,0.0,0.0,0.0,0.0
2022-09-27 15:52:38,0.0,0.0,0.0,0.0,0.0,0.0,0.0,0.0
2022-09-27 15:52:39,0.0,0.0,0.0,0.0,0.0,0.0,0.0,0.0
2022-09-27 15:52:40,0.0,0.0,0.0,0.0,0.0,0.0,0.0,0.0
2022-09-27 15:52:41,0.0,0.0,0.0,0.0,0.0,0.0,0.0,0.0
2022-09-27 15:52:42,0.0,0.0,0.0,0.0,0.0,0.0,0.0,0.0
2022-09-27 15:52:43,0.0,0.0,0.0,0.0,0.0,0.0,0.0,0.0
2022-09-27 15:52:44,0.0,0.0,0.0,0.0,0.0,0.0,0.0,0.0
2022-09-27 15:52:45,0.0,0.0,0.0,0.0,0.0,0.0,0.0,0.0
2022-09-27 15:52:46,0.0,0.0,0.0,0.0,0.0,0.0,0.0,0.0
2022-09-27 15:52:47,0.0,0.0,0.0,0.0,0.0,0.0,0.0,0.0
2022-09-27 15:52:48,0.0,0.0,0.0,0.0,0.0,0.0,0.0,0.0
2022-09-27 15:52:49,0.0,0.0,0.0,0.0,0.0,0.0,0.0,0.0
2022-09-27 15:52:50,0.0,0.0,0.0,0.0,0.0,0.0,0.0,0.0
2022-09-27 15:52:51,0.0,0.0,0.0,0.0,0.0,0.0,0.0,0.0
2022-09-27 15:52:52,0.0,0.0,0.0,0.0,0.0,0.0,0.0,0.0
2022-09-27 15:52:53,0.0,0.0,0.0,0.0,0.0,0.0,0.0,0.0
2022-09-27 15:52:54,0.0,0.0,0.0,0.0,0.0,0.0,0.0,0.0
2022-09-27 15:52:55,0.0,0.0,0.0,0.0,0.0,0.0,0.0,0.0
2022-09-27 15:52:56,0.0,0.0,0.0,0.0,0.0,0.0,0.0,0.0
2022-09-27 15:52:57,0.0,0.0,0.0,0.0,0.0,0.0,0.0,0.0
2022-09-27 15:52:58,0.0,0.0,0.0,0.0,0.0,0.0,0.0,0.0
2022-09-27 15:52:59,0.0,0.0,0.0,0.0,0.0,0.0,0.0,0.0
2022-09-27 15:53:00,0.0,0.0,0.0,0.0,0.0,0.0,0.0,0.0
2022-09-27 15:53:01,0.0,0.0,0.0,0.0,0.0,0.0,0.0,0.0
2022-09-27 15:53:02,0.0,0.0,0.0,0.0,0.0,0.0,0.0,0.0
2022-09-27 15:53:03,0.0,0.0,0.0,0.0,0.0,0.0,0.0,0.0
2022-09-27 15:53:04,0.0,0.0,0.0,0.0,0.0,0.0,0.0,0.0
2022-09-27 15:53:05,0.0,0.01,0.0,0.0,0.0,0.0,0.0,0.0
2022-09-27 15:53:06,0.0,0.0,0.0,0.0,0.0,0.0,0.0,0.0
2022-09-27 15:53:07,0.0,0.0,0.0,0.0,0.0,0.0,0.0,0.0
2022-09-27 15:53:08,0.0,0.0,0.0,0.0,0.0,0.0,0.0,0.0
2022-09-27 15:53:09,0.0,0.0,0.0,0.0,0.0,0.0,0.0,0.0
2022-09-27 15:53:10,0.0,0.0,0.0,0.0,0.0,0.0,0.0,0.0
2022-09-27 15:53:11,0.0,0.0,0.0,0.0,0.0,0.0,0.0,0.0
2022-09-27 15:53:12,0.0,0.0,0.0,0.0,0.0,0.0,0.0,0.0
2022-09-27 15:53:13,0.0,0.0,0.0,0.0,0.0,0.0,0.0,0.0
2022-09-27 15:53:14,0.0,0.0,0.0,0.0,0.0,0.0,0.0,0.0
2022-09-27 15:53:15,0.0,0.0,0.0,0.0,0.0,0.0,0.0,0.0
2022-09-27 15:53:16,0.0,0.0,0.0,0.0,0.0,0.0,0.0,0.0
2022-09-27 15:53:17,0.0,0.0,0.0,0.0,0.0,0.0,0.0,0.0
2022-09-27 15:53:18,0.0,0.0,0.0,0.0,0.0,0.0,0.0,0.0
2022-09-27 15:53:19,0.0,0.0,0.0,0.0,0.0,0.0,0.0,0.0
2022-09-27 15:53:20,0.0,0.0,0.0,0.0,0.0,0.0,0.0,0.0
2022-09-27 15:53:21,0.0,0.0,0.0,0.0,0.0,0.0,0.0,0.0
2022-09-27 15:53:22,0.0,0.0,0.0,0.0,0.0,0.0,0.0,0.0
2022-09-27 15:53:23,0.0,0.0,0.0,0.0,0.0,0.0,0.0,0.0
2022-09-27 15:53:24,0.0,0.0,0.0,0.0,0.0,0.0,0.0,0.0
2022-09-27 15:53:25,0.0,0.0,0.0,0.0,0.0,0.0,0.0,0.0
2022-09-27 15:53:26,0.0,0.0,0.0,0.0,0.0,0.0,0.0,0.0
2022-09-27 15:53:27,0.0,0.0,0.0,0.0,0.0,0.0,0.0,0.0
2022-09-27 15:53:28,0.0,0.0,0.0,0.0,0.0,0.0,0.0,0.0
2022-09-27 15:53:29,0.0,0.0,0.0,0.0,0.0,0.0,0.0,0.0
2022-09-27 15:53:30,0.0,0.0,0.0,0.0,0.0,0.0,0.0,0.0
2022-09-27 15:53:31,0.0,0.0,0.0,0.0,0.0,0.0,0.0,0.0
2022-09-27 15:53:32,0.0,0.0,0.0,0.0,0.0,0.0,0.0,0.0
2022-09-27 15:53:33,0.0,0.0,0.0,0.0,0.0,0.0,0.0,0.0
2022-09-27 15:53:34,0.0,0.0,0.0,0.0,0.0,0.0,0.0,0.0
2022-09-27 15:53:35,0.0,0.0,0.0,0.0,0.0,0.0,0.0,0.0
2022-09-27 15:53:36,0.0,0.0,0.0,0.0,0.0,0.0,0.0,0.0
2022-09-27 15:53:37,0.0,0.0,0.0,0.0,0.0,0.0,0.0,0.0
2022-09-27 15:53:38,0.0,0.0,0.0,0.0,0.0,0.0,0.0,0.0
2022-09-27 15:53:39,0.0,0.0,0.0,0.0,0.0,0.0,0.0,0.0
2022-09-27 15:53:40,0.0,0.0,0.0,0.0,0.0,0.0,0.0,0.0
2022-09-27 15:53:41,0.0,0.0,0.0,0.0,0.0,0.0,0.0,0.0
2022-09-27 15:53:42,0.0,0.0,0.0,0.0,0.0,0.0,0.0,0.0
2022-09-27 15:53:43,0.0,0.0,0.0,0.0,0.0,0.0,0.0,0.0
2022-09-27 15:53:44,0.0,0.0,0.0,0.0,0.0,0.0,0.0,0.0
2022-09-27 15:53:45,0.0,0.0,0.0,0.0,0.0,0.0,0.0,0.0
2022-09-27 15:53:46,0.0,0.0,0.0,0.0,0.0,0.0,0.0,0.0
2022-09-27 15:53:47,0.0,0.0,0.0,0.0,0.0,0.0,0.0,0.0
2022-09-27 15:53:48,0.0,0.0,0.0,0.0,0.0,0.0,0.0,0.0
2022-09-27 15:53:49,0.0,0.0,0.0,0.0,0.0,0.0,0.0,0.0
2022-09-27 15:53:50,0.0,0.0,0.0,0.0,0.0,0.0,0.0,0.0
2022-09-27 15:53:51,0.0,0.0,0.0,0.0,0.0,0.0,0.0,0.0
2022-09-27 15:53:52,0.0,0.0,0.0,0.0,0.0,0.0,0.0,0.0
2022-09-27 15:53:53,0.0,0.0,0.0,0.0,0.0,0.0,0.0,0.0
2022-09-27 15:53:54,0.0,0.0,0.0,0.0,0.0,0.0,0.0,0.0
2022-09-27 15:53:55,0.0,0.0,0.0,0.0,0.0,0.0,0.0,0.0
2022-09-27 15:53:56,0.0,0.0,0.0,0.0,0.0,0.0,0.0,0.0
2022-09-27 15:53:57,0.0,0.0,0.0,0.0,0.0,0.0,0.0,0.0
2022-09-27 15:53:58,0.0,0.0,0.0,0.0,0.0,0.0,0.0,0.0
2022-09-27 15:53:59,0.0,0.0,0.0,0.0,0.0,0.0,0.0,0.0
2022-09-27 15:54:00,0.0,0.0,0.0,0.0,0.0,0.0,0.0,0.0
2022-09-27 15:54:01,0.0,0.0,0.0,0.0,0.0,0.0,0.0,0.0
2022-09-27 15:54:02,0.0,0.0,0.0,0.0,0.0,0.0,0.0,0.0
2022-09-27 15:54:03,884.31,0.0,0.0,0.0,0.0,0.0,0.0,0.0
2022-09-27 15:54:04,2157.17,0.0,0.0,0.0,0.0,0.0,0.0,0.0
2022-09-27 15:54:05,2156.42,0.0,0.0,0.0,0.0,0.0,0.0,0.0
2022-09-27 15:54:06,2155.1,0.0,0.0,0.0,0.0,0.0,0.0,0.0
2022-09-27 15:54:07,2150.47,0.0,0.0,0.0,0.0,0.0,0.0,0.0
2022-09-27 15:54:08,2146.9,0.0,0.0,0.0,0.0,0.0,0.0,0.0
2022-09-27 15:54:09,2144.84,0.0,0.0,0.0,0.0,0.0,0.0,0.0
2022-09-27 15:54:10,2144.95,0.0,0.0,0.0,0.0,0.0,0.0,0.0
2022-09-27 15:54:11,2144.92,0.0,0.0,0.0,0.0,0.0,0.0,0.0
2022-09-27 15:54:12,2147.17,0.0,0.0,0.0,0.0,0.0,0.0,0.0
2022-09-27 15:54:13,2148.59,0.0,0.0,0.0,0.0,0.0,0.0,0.0
2022-09-27 15:54:14,2148.08,0.0,0.0,0.0,0.0,0.0,0.0,0.0
2022-09-27 15:54:15,2145.62,0.0,0.0,0.0,0.0,0.0,0.0,0.0
2022-09-27 15:54:16,2143.05,0.0,0.0,0.0,0.0,0.0,0.0,0.0
2022-09-27 15:54:17,2143.62,0.0,0.0,0.0,0.0,0.0,0.0,0.0
2022-09-27 15:54:18,2144.56,0.0,0.0,0.0,0.0,0.0,0.0,0.0
2022-09-27 15:54:19,2147.1,0.0,0.0,0.0,0.0,0.0,0.0,0.0
2022-09-27 15:54:20,2148.18,0.0,0.0,0.0,0.0,0.0,0.0,0.0
2022-09-27 15:54:21,2148.71,0.0,0.0,0.0,0.0,0.0,0.0,0.0
2022-09-27 15:54:22,2147.17,0.0,0.0,0.0,0.0,0.0,0.0,0.0
2022-09-27 15:54:23,2145.52,0.0,0.0,0.0,0.0,0.0,0.0,0.0
2022-09-27 15:54:24,2144.98,0.0,0.0,0.0,0.0,0.0,0.0,0.0
2022-09-27 15:54:25,2145.57,0.0,0.0,0.0,0.0,0.0,0.0,0.0
2022-09-27 15:54:26,2146.53,0.0,0.0,0.0,0.0,0.0,0.0,0.0
2022-09-27 15:54:27,2149.65,0.0,0.0,0.0,0.0,0.0,0.0,0.0
2022-09-27 15:54:28,2151.81,0.0,0.0,0.0,0.0,0.0,0.0,0.0
2022-09-27 15:54:29,2150.7,0.0,0.0,0.0,0.0,0.0,0.0,0.0
2022-09-27 15:54:30,2149.66,0.0,0.0,0.0,0.0,0.0,0.0,0.0
2022-09-27 15:54:31,2148.3,0.0,0.0,0.0,0.0,0.0,0.0,0.0
2022-09-27 15:54:32,2147.22,0.0,0.0,0.0,0.0,0.0,0.0,0.0
2022-09-27 15:54:33,2147.21,0.0,0.0,0.0,0.0,0.0,0.0,0.0
2022-09-27 15:54:34,2146.27,0.0,0.0,0.0,0.0,0.0,0.0,0.0
2022-09-27 15:54:35,2146.51,0.0,0.0,0.0,0.0,0.0,0.0,0.0
2022-09-27 15:54:36,2148.98,0.0,0.0,0.0,0.0,0.0,0.0,0.0
2022-09-27 15:54:37,2150.74,0.0,0.0,0.0,0.0,0.0,0.0,0.0
2022-09-27 15:54:38,2151.91,0.0,0.0,0.0,0.0,0.0,0.0,0.0
2022-09-27 15:54:39,2150.84,0.0,0.0,0.0,0.0,0.0,0.0,0.0
2022-09-27 15:54:40,2149.64,0.0,0.0,0.0,0.0,0.0,0.0,0.0
2022-09-27 15:54:41,2146.59,0.0,0.0,0.0,0.0,0.0,0.0,0.0
2022-09-27 15:54:42,2145.6,0.0,0.0,0.0,0.0,0.0,0.0,0.0
2022-09-27 15:54:43,2146.89,0.0,0.0,0.0,0.0,0.0,0.0,0.0
2022-09-27 15:54:44,2121.19,2589.86,0.0,0.0,0.0,0.0,0.0,0.0
2022-09-27 15:54:45,2127.55,1900.61,0.0,0.0,0.0,0.0,0.0,0.0
2022-09-27 15:54:46,2129.68,1891.01,0.0,0.0,0.0,0.0,0.0,0.0
2022-09-27 15:54:47,2128.15,1890.94,0.0,0.0,0.0,0.0,0.0,0.0
2022-09-27 15:54:48,2126.44,1886.98,0.0,0.0,0.0,0.0,0.0,0.0
2022-09-27 15:54:49,2123.35,1884.71,0.0,0.0,0.0,0.0,0.0,0.0
2022-09-27 15:54:50,2122.14,1884.46,0.0,0.0,0.0,0.0,0.0,0.0
2022-09-27 15:54:51,2122.76,1885.82,0.0,0.0,0.0,0.0,0.0,0.0
2022-09-27 15:54:52,2124.45,1886.66,0.0,0.0,0.0,0.0,0.0,0.0
2022-09-27 15:54:53,2128.01,1889.35,0.0,0.0,0.0,0.0,0.0,0.0
2022-09-27 15:54:54,2130.37,1890.85,0.0,0.0,0.0,0.0,0.0,0.0
2022-09-27 15:54:55,2127.9,1887.67,0.0,0.0,0.0,0.0,0.0,0.0
2022-09-27 15:54:56,2128.54,1887.59,0.0,0.0,0.0,0.0,0.0,0.0
2022-09-27 15:54:57,2128.16,1885.52,0.0,0.0,0.0,0.0,0.0,0.0
2022-09-27 15:54:58,2125.29,1881.9,0.0,0.0,0.0,0.0,0.0,0.0
2022-09-27 15:54:59,2126.65,1883.87,0.0,0.0,0.0,0.0,0.0,0.0
2022-09-27 15:55:00,2126.96,1884.37,0.0,0.0,0.0,0.0,0.0,0.0
2022-09-27 15:55:01,2127.84,1884.07,0.0,0.0,0.0,0.0,0.0,0.0
2022-09-27 15:55:02,2129.01,1883.42,0.0,0.0,0.0,0.0,0.0,0.0
2022-09-27 15:55:03,2128.56,1883.57,0.0,0.0,0.0,0.0,0.0,0.0
2022-09-27 15:55:04,2127.95,1881.84,0.0,0.0,0.0,0.0,0.0,0.0
2022-09-27 15:55:05,2126.79,1879.57,0.0,0.0,0.0,0.0,0.0,0.0
2022-09-27 15:55:06,2124.01,1876.39,0.0,0.0,0.0,0.0,0.0,0.0
2022-09-27 15:55:07,2124.41,1877.39,0.0,0.0,0.0,0.0,0.0,0.0
2022-09-27 15:55:08,2127.26,1877.95,0.0,0.0,0.0,0.0,0.0,0.0
2022-09-27 15:55:09,2128.83,1877.45,0.0,0.0,0.0,0.0,0.0,0.0
2022-09-27 15:55:10,2130.08,1880.54,0.0,0.0,0.0,0.0,0.0,0.0
2022-09-27 15:55:11,2127.46,1882.44,0.0,0.0,0.0,0.0,0.0,0.0
2022-09-27 15:55:12,2124.36,1876.67,0.0,0.0,0.0,0.0,0.0,0.0
2022-09-27 15:55:13,2122.86,1883.43,0.0,0.0,0.0,0.0,0.0,0.0
2022-09-27 15:55:14,2124.24,1894.62,0.0,0.0,0.0,0.0,0.0,0.0
2022-09-27 15:55:15,2126.65,1895.45,0.0,0.0,0.0,0.0,0.0,0.0
2022-09-27 15:55:16,2128.9,1897.35,0.0,0.0,0.0,0.0,0.0,0.0
2022-09-27 15:55:17,2126.88,1893.73,0.0,0.0,0.0,0.0,0.0,0.0
2022-09-27 15:55:18,2126.25,1893.01,0.0,0.0,0.0,0.0,0.0,0.0
2022-09-27 15:55:19,2124.23,1890.55,0.0,0.0,0.0,0.0,0.0,0.0
2022-09-27 15:55:20,2124.33,1889.03,0.0,0.0,0.0,0.0,0.0,0.0
2022-09-27 15:55:21,2126.38,1895.44,0.0,0.0,0.0,0.0,0.0,0.0
2022-09-27 15:55:22,2127.16,1897.88,0.0,0.0,0.0,0.0,0.0,0.0
2022-09-27 15:55:23,2128.24,1897.74,0.0,0.0,0.0,0.0,0.0,0.0
2022-09-27 15:55:24,2127.65,1892.77,0.0,0.0,0.0,0.0,0.0,0.0
2022-09-27 15:55:25,2126.37,1890.45,0.0,0.0,0.0,0.0,0.0,0.0
2022-09-27 15:55:26,2123.87,1888.62,0.0,0.0,0.0,0.0,0.0,0.0
2022-09-27 15:55:27,2123.65,1887.11,0.0,0.0,0.0,0.0,0.0,0.0
2022-09-27 15:55:28,2124.37,1890.55,0.0,0.0,0.0,0.0,0.0,0.0
2022-09-27 15:55:29,2125.89,1892.26,0.0,0.0,0.0,0.0,0.0,0.0
2022-09-27 15:55:30,2129.72,1893.86,0.0,0.0,0.0,0.0,0.0,0.0
2022-09-27 15:55:31,2128.6,1892.54,0.0,0.0,0.0,0.0,0.0,0.0
2022-09-27 15:55:32,2126.12,1888.25,0.0,0.0,0.0,0.0,0.0,0.0
2022-09-27 15:55:33,2125.74,1885.55,0.0,0.0,0.0,0.0,0.0,0.0
2022-09-27 15:55:34,2123.64,1879.38,0.0,0.0,0.0,0.0,0.0,0.0
2022-09-27 15:55:35,2122.84,1873.95,0.0,0.0,0.0,0.0,0.0,0.0
2022-09-27 15:55:36,2125.11,1875.3,0.0,0.0,0.0,0.0,0.0,0.0
2022-09-27 15:55:37,2127.36,1885.03,0.0,0.0,0.0,0.0,0.0,0.0
2022-09-27 15:55:38,2129.48,1889.32,0.0,0.0,0.0,0.0,0.0,0.0
2022-09-27 15:55:39,2128.02,1888.26,0.0,0.0,0.0,0.0,0.0,0.0
2022-09-27 15:55:40,2125.3,1885.76,0.0,0.0,0.0,0.0,0.0,0.0
2022-09-27 15:55:41,2123.75,1886.09,0.0,0.0,0.0,0.0,0.0,0.0
2022-09-27 15:55:42,2123.03,1884.86,0.0,0.0,0.0,0.0,0.0,0.0
2022-09-27 15:55:43,2124.03,1882.71,0.0,0.0,0.0,0.0,0.0,0.0
2022-09-27 15:55:44,2123.15,1867.33,0.0,0.0,0.0,0.0,0.0,0.0
2022-09-27 15:55:45,2126.39,1868.33,0.0,0.0,0.0,0.0,0.0,0.0
2022-09-27 15:55:46,2130.5,1868.77,0.0,0.0,0.0,0.0,0.0,0.0
2022-09-27 15:55:47,2132.03,1868.09,0.0,0.0,0.0,0.0,0.0,0.0
2022-09-27 15:55:48,2129.77,1866.0,0.0,0.0,0.0,0.0,0.0,0.0
2022-09-27 15:55:49,2128.44,1862.69,0.0,0.0,0.0,0.0,0.0,0.0
2022-09-27 15:55:50,2129.7,1863.43,0.0,0.0,0.0,0.0,0.0,0.0
2022-09-27 15:55:51,2130.68,1865.63,0.0,0.0,0.0,0.0,0.0,0.0
2022-09-27 15:55:52,2132.47,1866.97,0.0,0.0,0.0,0.0,0.0,0.0
2022-09-27 15:55:53,2133.82,1868.04,0.0,0.0,0.0,0.0,0.0,0.0
2022-09-27 15:55:54,2132.91,1866.78,0.0,0.0,0.0,0.0,0.0,0.0
2022-09-27 15:55:55,2132.48,1866.34,0.0,0.0,0.0,0.0,0.0,0.0
2022-09-27 15:55:56,2131.02,1864.42,0.0,0.0,0.0,0.0,0.0,0.0
2022-09-27 15:55:57,2129.06,1861.87,0.0,0.0,0.0,0.0,0.0,0.0
2022-09-27 15:55:58,2130.3,1862.31,0.0,0.0,0.0,0.0,0.0,0.0
2022-09-27 15:55:59,2128.34,1860.12,0.0,0.0,0.0,0.0,0.0,0.0
2022-09-27 15:56:00,2128.94,1860.03,0.0,0.0,0.0,0.0,0.0,0.0
2022-09-27 15:56:01,2130.72,1861.09,0.0,0.0,0.0,0.0,0.0,0.0
2022-09-27 15:56:02,2128.92,1860.18,0.0,0.0,0.0,0.0,0.0,0.0
2022-09-27 15:56:03,2127.53,1859.01,0.0,0.0,0.0,0.0,0.0,0.0
2022-09-27 15:56:04,2124.45,1857.82,0.0,0.0,0.0,0.0,0.0,0.0
2022-09-27 15:56:05,2122.96,1857.92,0.0,0.0,0.0,0.0,0.0,0.0
2022-09-27 15:56:06,2122.84,1858.74,0.0,0.0,0.0,0.0,0.0,0.0
2022-09-27 15:56:07,2124.92,1857.91,0.0,0.0,0.0,0.0,0.0,0.0
2022-09-27 15:56:08,2126.19,1854.86,0.0,0.0,0.0,0.0,0.0,0.0
2022-09-27 15:56:09,2126.2,1859.36,0.0,0.0,0.0,0.0,0.0,0.0
2022-09-27 15:56:10,2126.31,1860.26,0.0,0.0,0.0,0.0,0.0,0.0
2022-09-27 15:56:11,2124.5,1856.95,0.0,0.0,0.0,0.0,0.0,0.0
2022-09-27 15:56:12,2121.87,1854.41,0.0,0.0,0.0,0.0,0.0,0.0
2022-09-27 15:56:13,2122.91,1853.23,0.0,0.0,0.0,0.0,0.0,0.0
2022-09-27 15:56:14,2125.5,1859.05,0.0,0.0,0.0,0.0,0.0,0.0
2022-09-27 15:56:15,2126.14,1862.85,0.0,0.0,0.0,0.0,0.0,0.0
2022-09-27 15:56:16,2127.18,1864.03,0.0,0.0,0.0,0.0,0.0,0.0
2022-09-27 15:56:17,2125.77,1862.22,0.0,0.0,0.0,0.0,0.0,0.0
2022-09-27 15:56:18,2123.45,1858.67,0.0,0.0,0.0,0.0,0.0,0.0
2022-09-27 15:56:19,2120.4,1856.59,0.0,0.0,0.0,0.0,0.0,0.0
2022-09-27 15:56:20,2121.96,1855.69,0.0,0.0,0.0,0.0,0.0,0.0
2022-09-27 15:56:21,2123.12,1856.45,0.0,0.0,0.0,0.0,0.0,0.0
2022-09-27 15:56:22,2124.24,1855.69,0.0,0.0,0.0,0.0,0.0,0.0
2022-09-27 15:56:23,2126.48,1857.96,0.0,0.0,0.0,0.0,0.0,0.0
2022-09-27 15:56:24,2127.17,1858.34,0.0,0.0,0.0,0.0,0.0,0.0
2022-09-27 15:56:25,2123.73,1856.23,0.0,0.0,0.0,0.0,0.0,0.0
2022-09-27 15:56:26,2120.66,1853.92,0.0,0.0,0.0,0.0,0.0,0.0
2022-09-27 15:56:27,2119.84,1851.87,0.0,0.0,0.0,0.0,0.0,0.0
2022-09-27 15:56:28,2119.46,1850.07,0.0,0.0,0.0,0.0,0.0,0.0
2022-09-27 15:56:29,2121.57,1853.14,0.0,0.0,0.0,0.0,0.0,0.0
2022-09-27 15:56:30,2125.52,1857.4,0.0,0.0,0.0,0.0,0.0,0.0
2022-09-27 15:56:31,2127.52,1856.15,0.0,0.0,0.0,0.0,0.0,0.0
2022-09-27 15:56:32,2125.52,1853.28,0.0,0.0,0.0,0.0,0.0,0.0
2022-09-27 15:56:33,2124.56,1851.28,0.0,0.0,0.0,0.0,0.0,0.0
2022-09-27 15:56:34,2122.5,1848.24,0.0,0.0,0.0,0.0,0.0,0.0
2022-09-27 15:56:35,2122.13,1847.94,0.0,0.0,0.0,0.0,0.0,0.0
2022-09-27 15:56:36,2122.24,1850.07,0.0,0.0,0.0,0.0,0.0,0.0
2022-09-27 15:56:37,2123.62,1853.03,0.0,0.0,0.0,0.0,0.0,0.0
2022-09-27 15:56:38,2125.7,1869.69,0.0,0.0,0.0,0.0,0.0,0.0
2022-09-27 15:56:39,2124.23,1868.25,0.0,0.0,0.0,0.0,0.0,0.0
2022-09-27 15:56:40,2125.26,1866.44,0.0,0.0,0.0,0.0,0.0,0.0
2022-09-27 15:56:41,2123.58,1865.32,0.0,0.0,0.0,0.0,0.0,0.0
2022-09-27 15:56:42,2125.04,1866.7,0.0,0.0,0.0,0.0,0.0,0.0
2022-09-27 15:56:43,2124.95,1867.77,0.0,0.0,0.0,0.0,0.0,0.0
2022-09-27 15:56:44,2129.66,1872.26,0.0,0.0,0.0,0.0,0.0,0.0
2022-09-27 15:56:45,2130.61,1872.44,0.0,0.0,0.0,0.0,0.0,0.0
2022-09-27 15:56:46,2131.62,1859.46,0.0,0.0,0.0,0.0,0.0,0.0
2022-09-27 15:56:47,2130.5,1856.18,0.0,0.0,0.0,0.0,0.0,0.0
2022-09-27 15:56:48,2127.48,1851.49,0.0,0.0,0.0,0.0,0.0,0.0
2022-09-27 15:56:49,2126.32,1863.53,0.0,0.0,0.0,0.0,0.0,0.0
2022-09-27 15:56:50,2126.22,1860.89,0.0,0.0,0.0,0.0,0.0,0.0
2022-09-27 15:56:51,2127.93,1852.89,0.0,0.0,0.0,0.0,0.0,0.0
2022-09-27 15:56:52,2129.25,1861.68,0.0,0.0,0.0,0.0,0.0,0.0
2022-09-27 15:56:53,2130.6,1867.44,0.0,0.0,0.0,0.0,0.0,0.0
2022-09-27 15:56:54,2131.06,1854.1,0.0,0.0,0.0,0.0,0.0,0.0
2022-09-27 15:56:55,2128.9,1850.44,0.0,0.0,0.0,0.0,0.0,0.0
2022-09-27 15:56:56,2126.49,1848.41,0.0,0.0,0.0,0.0,0.0,0.0
2022-09-27 15:56:57,2125.04,1846.73,0.0,0.0,0.0,0.0,0.0,0.0
2022-09-27 15:56:58,2125.61,1847.43,0.0,0.0,0.0,0.0,0.0,0.0
2022-09-27 15:56:59,2127.34,1850.31,0.0,0.0,0.0,0.0,0.0,0.0
2022-09-27 15:57:00,2129.43,1851.16,0.0,0.0,0.0,0.0,0.0,0.0
2022-09-27 15:57:01,2131.48,1852.68,0.0,0.0,0.0,0.0,0.0,0.0
2022-09-27 15:57:02,2130.86,1852.44,0.0,0.0,0.0,0.0,0.0,0.0
2022-09-27 15:57:03,2126.44,1848.29,0.0,0.0,0.0,0.0,0.0,0.0
2022-09-27 15:57:04,2126.11,1846.46,0.0,0.0,0.0,0.0,0.0,0.0
2022-09-27 15:57:05,2127.01,1847.67,0.0,0.0,0.0,0.0,0.0,0.0
2022-09-27 15:57:06,2128.04,1849.24,0.0,0.0,0.0,0.0,0.0,0.0
2022-09-27 15:57:07,2131.69,1854.31,0.0,0.0,0.0,0.0,0.0,0.0
2022-09-27 15:57:08,2132.22,1854.9,0.0,0.0,0.0,0.0,0.0,0.0
2022-09-27 15:57:09,2130.26,1851.38,0.0,0.0,0.0,0.0,0.0,0.0
2022-09-27 15:57:10,2128.71,1850.38,0.0,0.0,0.0,0.0,0.0,0.0
2022-09-27 15:57:11,2126.09,1847.84,0.0,0.0,0.0,0.0,0.0,0.0
2022-09-27 15:57:12,2126.14,1848.77,0.0,0.0,0.0,0.0,0.0,0.0
2022-09-27 15:57:13,2127.33,1849.69,0.0,0.0,0.0,0.0,0.0,0.0
2022-09-27 15:57:14,2128.53,1850.26,0.0,0.0,0.0,0.0,0.0,0.0
2022-09-27 15:57:15,2130.27,1851.35,0.0,0.0,0.0,0.0,0.0,0.0
2022-09-27 15:57:16,2130.87,1850.62,0.0,0.0,0.0,0.0,0.0,0.0
2022-09-27 15:57:17,2126.9,1845.07,0.0,0.0,0.0,0.0,0.0,0.0
2022-09-27 15:57:18,2123.93,1841.86,0.0,0.0,0.0,0.0,0.0,0.0
2022-09-27 15:57:19,2127.33,1843.63,0.0,0.0,0.0,0.0,0.0,0.0
2022-09-27 15:57:20,2127.97,1844.35,0.0,0.0,0.0,0.0,0.0,0.0
2022-09-27 15:57:21,2125.9,1843.75,0.0,0.0,0.0,0.0,0.0,0.0
2022-09-27 15:57:22,2126.63,1845.31,0.0,0.0,0.0,0.0,0.0,0.0
2022-09-27 15:57:23,2124.94,1845.27,0.0,0.0,0.0,0.0,0.0,0.0
2022-09-27 15:57:24,2122.87,1843.68,0.0,0.0,0.0,0.0,0.0,0.0
2022-09-27 15:57:25,2126.17,1330.02,0.0,0.0,0.0,0.0,0.0,0.0
2022-09-27 15:57:26,2139.36,0.0,0.0,0.0,0.0,0.0,0.0,0.0
2022-09-27 15:57:27,2140.72,0.0,0.0,0.0,0.0,0.0,0.0,0.0
2022-09-27 15:57:28,2142.9,0.0,0.0,0.0,0.0,0.0,0.0,0.0
2022-09-27 15:57:29,2146.12,0.0,0.0,0.0,0.0,0.0,0.0,0.0
2022-09-27 15:57:30,2150.4,0.0,0.0,0.0,0.0,0.0,0.0,0.0
2022-09-27 15:57:31,2153.16,0.0,0.0,0.0,0.0,0.0,0.0,0.0
2022-09-27 15:57:32,2151.83,0.0,0.0,0.0,0.0,0.0,0.0,0.0
2022-09-27 15:57:33,2147.68,0.0,0.0,0.0,0.0,0.0,0.0,0.0
2022-09-27 15:57:34,2145.26,0.0,0.0,0.0,0.0,0.0,0.0,0.0
2022-09-27 15:57:35,2144.45,0.0,0.0,0.0,0.0,0.0,0.0,0.0
2022-09-27 15:57:36,2146.2,0.0,0.0,0.0,0.0,0.0,0.0,0.0
2022-09-27 15:57:37,2148.93,0.0,0.0,0.0,0.0,0.0,0.0,0.0
2022-09-27 15:57:38,2150.62,0.0,0.0,0.0,0.0,0.0,0.0,0.0
2022-09-27 15:57:39,2150.8,0.0,0.0,0.0,0.0,0.0,0.0,0.0
2022-09-27 15:57:40,2150.75,0.0,0.0,0.0,0.0,0.0,0.0,0.0
2022-09-27 15:57:41,2149.82,0.0,0.0,0.0,0.0,0.0,0.0,0.0
2022-09-27 15:57:42,2149.41,0.0,0.0,0.0,0.0,0.0,0.0,0.0
2022-09-27 15:57:43,2149.84,0.0,0.0,0.0,0.0,0.0,0.0,0.0
2022-09-27 15:57:44,2152.54,0.0,0.0,0.0,0.0,0.0,0.0,0.0
2022-09-27 15:57:45,2153.86,0.0,0.0,0.0,0.0,0.0,0.0,0.0
2022-09-27 15:57:46,2152.62,0.0,0.0,0.0,0.0,0.0,0.0,0.0
2022-09-27 15:57:47,2152.89,0.0,0.0,0.0,0.0,0.0,0.0,0.0
2022-09-27 15:57:48,2152.24,0.0,0.0,0.0,0.0,0.0,0.0,0.0
2022-09-27 15:57:49,2150.09,0.0,0.0,0.0,0.0,0.0,0.0,0.0
2022-09-27 15:57:50,2151.24,0.0,0.0,0.0,0.0,0.0,0.0,0.0
2022-09-27 15:57:51,2152.4,0.0,0.0,0.0,0.0,0.0,0.0,0.0
2022-09-27 15:57:52,2154.14,0.0,0.0,0.0,0.0,0.0,0.0,0.0
2022-09-27 15:57:53,2154.59,0.0,0.0,0.0,0.0,0.0,0.0,0.0
2022-09-27 15:57:54,2155.54,0.0,0.0,0.0,0.0,0.0,0.0,0.0
2022-09-27 15:57:55,2155.55,0.0,0.0,0.0,0.0,0.0,0.0,0.0
2022-09-27 15:57:56,2152.26,0.0,0.0,0.0,0.0,0.0,0.0,0.0
2022-09-27 15:57:57,2147.22,0.0,0.0,0.0,0.0,0.0,0.0,0.0
2022-09-27 15:57:58,2143.63,0.0,0.0,0.0,0.0,0.0,0.0,0.0
2022-09-27 15:57:59,2144.92,0.0,0.0,0.0,0.0,0.0,0.0,0.0
2022-09-27 15:58:00,2147.89,0.0,0.0,0.0,0.0,0.0,0.0,0.0
2022-09-27 15:58:01,2149.38,0.0,0.0,0.0,0.0,0.0,0.0,0.0
2022-09-27 15:58:02,2153.33,0.0,0.0,0.0,0.0,0.0,0.0,0.0
2022-09-27 15:58:03,2154.48,0.0,0.0,0.0,0.0,0.0,0.0,0.0
2022-09-27 15:58:04,2154.09,0.0,0.0,0.0,0.0,0.0,0.0,0.0
2022-09-27 15:58:05,2151.96,0.0,0.0,0.0,0.0,0.0,0.0,0.0
2022-09-27 15:58:06,2151.93,0.0,0.0,0.0,0.0,0.0,0.0,0.0
2022-09-27 15:58:07,2151.45,0.0,0.0,0.0,0.0,0.0,0.0,0.0
2022-09-27 15:58:08,2154.39,0.0,0.0,0.0,0.0,0.0,0.0,0.0
2022-09-27 15:58:09,2157.02,0.0,0.0,0.0,0.0,0.0,0.0,0.0
2022-09-27 15:58:10,2159.95,0.0,0.0,0.0,0.0,0.0,0.0,0.0
2022-09-27 15:58:11,2160.21,0.0,0.0,0.0,0.0,0.0,0.0,0.0
2022-09-27 15:58:12,2160.43,0.0,0.0,0.0,0.0,0.0,0.0,0.0
2022-09-27 15:58:13,2160.05,0.0,0.0,0.0,0.0,0.0,0.0,0.0
2022-09-27 15:58:14,2157.68,0.0,0.0,0.0,0.0,0.0,0.0,0.0
2022-09-27 15:58:15,2157.92,0.0,0.0,0.0,0.0,0.0,0.0,0.0
2022-09-27 15:58:16,2158.55,0.0,0.0,0.0,0.0,0.0,0.0,0.0
2022-09-27 15:58:17,2157.68,0.0,0.0,0.0,0.0,0.0,0.0,0.0
2022-09-27 15:58:18,2160.57,0.0,0.0,0.0,0.0,0.0,0.0,0.0
2022-09-27 15:58:19,2162.66,0.0,0.0,0.0,0.0,0.0,0.0,0.0
2022-09-27 15:58:20,2163.43,0.0,0.0,0.0,0.0,0.0,0.0,0.0
2022-09-27 15:58:21,2162.89,0.0,0.0,0.0,0.0,0.0,0.0,0.0
2022-09-27 15:58:22,2162.41,0.0,0.0,0.0,0.0,0.0,0.0,0.0
2022-09-27 15:58:23,2160.09,0.01,0.0,0.0,0.0,0.0,0.0,0.0
2022-09-27 15:58:24,2159.24,0.0,0.0,0.0,0.0,0.0,0.0,0.0
2022-09-27 15:58:25,2156.66,0.0,0.0,0.0,0.0,0.0,0.0,0.0
2022-09-27 15:58:26,2157.43,0.0,0.0,0.0,0.0,0.0,0.0,0.0
2022-09-27 15:58:27,2156.07,0.0,0.0,0.0,0.0,0.0,0.0,0.0
2022-09-27 15:58:28,2157.46,0.0,0.0,0.0,0.0,0.0,0.0,0.0
2022-09-27 15:58:29,2158.52,0.0,0.0,0.0,0.0,0.0,0.0,0.0
2022-09-27 15:58:30,2160.4,0.0,0.0,0.0,0.0,0.0,0.0,0.0
2022-09-27 15:58:31,2161.06,0.0,0.0,0.0,0.0,0.0,0.0,0.0
2022-09-27 15:58:32,2161.69,0.0,0.0,0.0,0.0,0.0,0.0,0.0
2022-09-27 15:58:33,2160.22,0.0,0.0,0.0,0.0,0.0,0.0,0.0
2022-09-27 15:58:34,2158.23,0.0,0.0,0.0,0.0,0.0,0.0,0.0
2022-09-27 15:58:35,2157.31,0.0,0.0,0.0,0.0,0.0,0.0,0.0
2022-09-27 15:58:36,2154.23,0.0,0.0,0.0,0.0,0.0,0.0,0.0
2022-09-27 15:58:37,2154.82,0.0,0.0,0.0,0.0,0.0,0.0,0.0
2022-09-27 15:58:38,2154.08,0.0,0.0,0.0,0.0,0.0,0.0,0.0
2022-09-27 15:58:39,2155.53,0.0,0.0,0.0,0.0,0.0,0.0,0.0
2022-09-27 15:58:40,2156.25,0.0,0.0,0.0,0.0,0.0,0.0,0.0
2022-09-27 15:58:41,2156.44,0.0,0.0,0.0,0.0,0.0,0.0,0.0
2022-09-27 15:58:42,2156.67,0.0,0.0,0.0,0.0,0.0,0.0,0.0
2022-09-27 17:00:20,0.0,0.0,0.0,0.0,0.0,0.0,0.0,0.0
2022-09-27 17:00:21,0.0,0.0,0.0,0.0,0.0,0.0,0.0,0.0
2022-09-27 17:00:22,0.0,0.0,0.0,0.0,0.0,0.0,0.0,0.0
2022-09-27 17:00:23,0.0,0.0,0.0,0.0,0.0,0.0,0.0,0.0
2022-09-27 17:00:24,0.0,0.0,0.0,0.0,0.0,0.0,0.0,0.0
2022-09-27 17:00:25,0.0,0.0,0.0,0.0,0.0,0.0,0.0,0.0
2022-09-27 17:00:26,0.0,0.0,0.0,0.0,0.0,0.0,0.0,0.0
2022-09-27 17:00:27,0.0,0.0,0.0,0.0,0.0,0.0,0.0,0.0
2022-09-27 17:00:28,0.0,0.0,0.0,0.0,0.0,0.0,0.0,0.0
2022-09-27 17:00:29,0.0,0.0,0.0,0.0,0.0,0.0,0.0,0.0
2022-09-27 17:00:30,0.0,0.0,0.0,0.0,0.0,0.0,0.0,0.0
2022-09-27 17:00:31,0.0,0.0,0.0,0.0,0.0,0.0,0.0,0.0
2022-09-27 17:00:32,0.0,0.0,0.0,0.0,0.0,0.0,0.0,0.0
2022-09-27 17:00:33,0.0,0.0,0.0,0.0,0.0,0.0,0.0,0.0
2022-09-27 17:00:34,0.0,0.0,0.0,0.0,0.0,0.0,0.0,0.0
2022-09-27 17:00:35,0.0,0.0,0.0,0.0,0.0,0.0,0.0,0.0
2022-09-27 17:00:36,0.0,0.0,0.0,0.0,0.0,0.0,0.0,0.0
2022-09-27 17:00:37,0.0,0.0,0.0,0.0,0.0,0.0,0.0,0.0
2022-09-27 17:00:38,0.0,0.0,0.0,0.0,0.0,0.0,0.0,0.0
2022-09-27 17:00:39,0.0,0.0,0.0,0.0,0.0,0.0,0.0,0.0
2022-09-27 17:00:40,0.0,0.0,0.0,0.0,0.0,0.0,0.0,0.0
2022-09-27 17:00:41,0.0,0.0,0.0,0.0,0.0,0.0,0.0,0.0
2022-09-27 17:00:42,0.0,0.0,0.0,0.0,0.0,0.0,0.0,0.0
2022-09-27 17:00:43,0.0,0.0,0.0,0.0,0.0,0.0,0.0,0.0
2022-09-27 17:00:44,0.0,0.0,0.0,0.0,0.0,0.0,0.0,0.0
2022-09-27 17:00:45,0.0,0.0,0.0,0.0,0.0,0.0,0.0,0.0
2022-09-27 17:00:46,0.0,0.0,0.0,0.0,0.0,0.0,0.0,0.0
2022-09-27 17:00:47,0.0,0.0,0.0,0.0,0.0,0.0,0.0,0.0
2022-09-27 17:00:48,0.0,0.0,0.0,0.0,0.0,0.0,0.0,0.0
2022-09-27 17:00:49,0.0,0.0,0.0,0.0,0.0,0.0,0.0,0.0
2022-09-27 17:00:50,0.0,0.0,0.0,0.0,0.0,0.0,0.0,0.0
2022-09-27 17:00:51,0.0,0.0,0.0,0.0,0.0,0.0,0.0,0.0
2022-09-27 17:00:52,0.0,0.0,0.0,0.0,0.0,0.0,0.0,0.0
2022-09-27 17:00:53,0.0,0.0,0.0,0.0,0.0,0.0,0.0,0.0
2022-09-27 17:00:54,0.0,0.0,0.0,0.0,0.0,0.0,0.0,0.0
2022-09-27 17:00:55,0.0,0.0,0.0,0.0,0.0,0.0,0.0,0.0
2022-09-27 17:00:56,0.0,0.0,0.0,0.0,0.0,0.0,0.0,0.0
2022-09-27 17:00:57,0.0,0.0,0.0,0.0,0.0,0.0,0.0,0.0
2022-09-27 17:00:58,0.0,0.0,0.0,0.0,0.0,0.0,0.0,0.0
2022-09-27 17:00:59,0.0,0.0,0.0,0.0,0.0,0.0,0.0,0.0
2022-09-27 17:01:00,0.0,0.0,0.0,0.0,0.0,0.0,0.0,0.0
2022-09-27 17:01:01,0.0,0.0,0.0,0.0,0.0,0.0,0.0,0.0
2022-09-27 17:01:02,0.0,0.0,0.0,0.0,0.0,0.0,0.0,0.0
2022-09-27 17:01:03,0.0,0.0,0.0,0.0,0.0,0.0,0.0,0.0
2022-09-27 17:01:04,0.0,0.0,0.0,0.0,0.0,0.0,0.0,0.0
2022-09-27 17:01:05,0.0,0.0,0.0,0.0,0.0,0.0,0.0,0.0
2022-09-27 17:01:06,0.0,0.0,0.0,0.0,0.0,0.0,0.0,0.0
2022-09-27 17:01:07,0.0,0.0,0.0,0.0,0.0,0.0,0.0,0.0
2022-09-27 17:01:08,0.0,0.0,0.0,0.0,0.0,0.0,0.0,0.0
2022-09-27 17:01:09,0.0,0.0,0.0,0.0,0.0,0.0,0.0,0.0
2022-09-27 17:01:10,0.0,0.0,0.0,0.0,0.0,0.0,0.0,0.0
2022-09-27 17:01:11,0.0,0.0,0.0,0.0,0.0,0.0,0.0,0.0
2022-09-27 17:01:12,0.0,0.0,0.0,0.0,0.0,0.0,0.0,0.0
2022-09-27 17:01:13,0.0,0.0,0.0,0.0,0.0,0.0,0.0,0.0
2022-09-27 17:01:14,0.0,0.0,0.0,0.0,0.0,0.0,0.0,0.0
2022-09-27 17:01:15,0.0,0.0,0.0,0.0,0.0,0.0,0.0,0.0
2022-09-27 17:01:16,0.0,0.0,0.0,0.0,0.0,0.0,0.0,0.0
2022-09-27 17:01:17,0.0,0.0,0.0,0.0,0.0,0.0,0.0,0.0
2022-09-27 17:01:18,0.0,0.0,0.0,0.0,0.0,0.0,0.0,0.0
2022-09-27 17:01:19,0.0,0.0,0.0,0.0,0.0,0.0,0.0,0.0
2022-09-27 17:01:20,0.0,0.0,0.0,0.0,0.0,0.0,0.0,0.0
2022-09-27 17:01:21,0.0,0.0,0.0,0.0,0.0,0.0,0.0,0.0
2022-09-27 17:01:22,0.0,0.0,0.0,0.0,0.0,0.0,0.0,0.0
2022-09-27 17:01:23,0.0,0.0,0.0,0.0,0.0,0.0,0.0,0.0
2022-09-27 17:01:24,0.0,0.0,0.0,0.0,0.0,0.0,0.0,0.0
2022-09-27 17:01:25,0.0,0.0,0.0,0.0,0.0,0.0,0.0,0.0
2022-09-27 17:01:26,0.0,0.0,0.0,0.0,0.0,0.0,0.0,0.0
2022-09-27 17:01:27,0.0,0.0,0.0,0.0,0.0,0.0,0.0,0.0
2022-09-27 17:01:28,0.0,0.0,0.0,0.0,0.0,0.0,0.0,0.0
2022-09-27 17:01:29,0.0,0.0,0.0,0.0,0.0,0.0,0.0,0.0
2022-09-27 17:01:30,0.0,0.0,0.0,0.0,0.0,0.0,0.0,0.0
2022-09-27 17:01:31,0.0,0.0,0.0,0.0,0.0,0.0,0.0,0.0
2022-09-27 17:01:32,0.0,0.0,0.0,0.0,0.0,0.0,0.0,0.0
2022-09-27 17:01:33,0.0,0.0,0.0,0.0,0.0,0.0,0.0,0.0
2022-09-27 17:01:34,0.0,0.0,0.0,0.0,0.0,0.0,0.0,0.0
2022-09-27 17:01:35,0.0,0.0,0.0,0.0,0.0,0.0,0.0,0.0
2022-09-27 17:01:36,0.0,0.0,0.0,0.0,0.0,0.0,0.0,0.0
2022-09-27 17:01:37,0.0,0.0,0.0,0.0,0.0,0.0,0.0,0.0
2022-09-27 17:01:38,0.0,0.0,0.0,0.0,0.0,0.0,0.0,0.0
2022-09-27 17:01:39,0.0,0.0,0.0,0.0,0.0,0.0,0.0,0.0
2022-09-27 17:01:40,0.0,0.0,0.0,0.0,0.0,0.0,0.0,0.0
2022-09-27 17:01:41,0.0,0.0,0.0,0.0,0.0,0.0,0.0,0.0
2022-09-27 17:01:42,0.0,0.0,0.0,0.0,0.0,0.0,0.0,0.0
2022-09-27 17:01:43,0.0,0.0,0.0,0.0,0.0,0.0,0.0,0.0
2022-09-27 17:01:44,0.0,0.0,0.0,0.0,0.0,0.0,0.0,0.0
2022-09-27 17:01:45,0.0,0.0,0.0,0.0,0.0,0.0,0.0,0.0
2022-09-27 17:01:46,0.0,0.0,0.0,0.0,0.0,0.0,0.0,0.0
2022-09-27 17:01:47,0.0,0.0,0.0,0.0,0.0,0.0,0.0,0.0
2022-09-27 17:01:48,0.0,0.0,0.0,0.0,0.0,0.0,0.0,0.0
2022-09-27 17:01:49,0.0,0.0,0.0,0.0,0.0,0.0,0.0,0.0
2022-09-27 17:01:50,0.0,0.0,0.0,0.0,0.0,0.0,0.0,0.0
2022-09-27 17:01:51,0.0,0.0,0.0,0.0,0.0,0.0,0.0,0.0
2022-09-27 17:01:52,0.0,0.0,0.0,0.0,0.0,0.0,0.0,0.0
2022-09-27 17:01:53,0.0,0.0,0.0,0.0,0.0,0.0,0.0,0.0
2022-09-27 17:01:54,0.0,0.0,0.0,0.0,0.0,0.0,0.0,0.0
2022-09-27 17:01:55,0.0,0.0,0.0,0.0,0.0,0.0,0.0,0.0
2022-09-27 17:01:56,0.0,0.0,0.0,0.0,0.0,0.0,0.0,0.0
2022-09-27 17:01:57,0.0,0.0,0.0,0.0,0.0,0.0,0.0,0.0
2022-09-27 17:01:58,0.0,0.0,0.0,0.0,0.0,0.0,0.0,0.0
2022-09-27 17:01:59,0.0,0.0,0.0,0.0,0.0,0.0,0.0,0.0
2022-09-27 17:02:00,0.0,0.0,0.0,0.0,0.0,0.0,0.0,0.0
2022-09-27 17:02:01,0.0,0.0,0.0,0.0,0.0,0.0,0.0,0.0
2022-09-27 17:02:02,0.0,0.0,0.0,0.0,0.0,0.0,0.0,0.0
2022-09-27 17:02:03,0.0,0.0,0.0,0.0,0.0,0.0,0.0,0.0
2022-09-27 17:02:04,0.0,0.0,0.0,0.0,0.0,0.0,0.0,0.0
2022-09-27 17:02:05,0.0,0.0,0.0,0.0,0.0,0.0,0.0,0.0
2022-09-27 17:02:06,0.0,0.0,0.0,0.0,0.0,0.0,0.0,0.0
2022-09-27 17:02:07,0.0,0.0,0.0,0.0,0.0,0.0,0.0,0.0
2022-09-27 17:02:08,0.0,0.0,0.0,0.0,0.0,0.0,0.0,0.0
2022-09-27 17:02:09,0.0,0.0,0.0,0.0,0.0,0.0,0.0,0.0
2022-09-27 17:02:10,0.0,0.0,0.0,0.0,0.0,0.0,0.0,0.0
2022-09-27 17:02:11,0.0,0.0,0.0,0.0,0.0,0.0,0.0,0.0
2022-09-27 17:02:12,0.0,0.0,0.0,0.0,0.0,0.0,0.0,0.0
2022-09-27 17:02:13,0.0,0.0,0.0,0.0,0.0,0.0,0.0,0.0
2022-09-27 17:02:14,0.0,0.0,0.0,0.0,0.0,0.0,0.0,0.0
2022-09-27 17:02:15,0.0,0.0,0.0,0.0,0.0,0.0,0.0,0.0
2022-09-27 17:02:16,0.0,0.0,0.0,0.0,0.0,0.0,0.0,0.0
2022-09-27 17:02:17,0.0,0.0,0.0,0.0,0.0,0.0,0.0,0.0
2022-09-27 17:02:18,0.0,0.0,0.0,0.0,0.0,0.0,0.0,0.0
2022-09-27 17:02:19,0.0,0.0,0.0,0.0,0.0,0.0,0.0,0.0
2022-09-27 17:02:20,0.0,0.0,0.0,0.0,0.0,0.0,0.0,0.0
2022-09-27 17:02:21,0.0,572.03,0.0,0.0,0.0,0.0,0.0,0.0
2022-09-27 17:02:22,0.0,2394.44,0.0,0.0,0.0,0.0,0.0,0.0
2022-09-27 17:02:23,0.0,1885.46,0.0,0.0,0.0,0.0,0.0,0.0
2022-09-27 17:02:24,0.0,1883.97,0.0,0.0,0.0,0.0,0.0,0.0
2022-09-27 17:02:25,0.0,1884.1,0.0,0.0,0.0,0.0,0.0,0.0
2022-09-27 17:02:26,0.0,1888.21,0.0,0.0,0.0,0.0,0.0,0.0
2022-09-27 17:02:27,0.0,1889.9,0.0,0.0,0.0,0.0,0.0,0.0
2022-09-27 17:02:28,0.0,1891.67,0.0,0.0,0.0,0.0,0.0,0.0
2022-09-27 17:02:29,0.0,1895.99,0.0,0.0,0.0,0.0,0.0,0.0
2022-09-27 17:02:30,0.0,1898.02,0.0,0.0,0.0,0.0,0.0,0.0
2022-09-27 17:02:31,0.0,1896.37,0.0,0.0,0.0,0.0,0.0,0.0
2022-09-27 17:02:32,0.0,1897.32,0.0,0.0,0.0,0.0,0.0,0.0
2022-09-27 17:02:33,0.0,1897.33,0.0,0.0,0.0,0.0,0.0,0.0
2022-09-27 17:02:34,0.0,1899.29,0.0,0.0,0.0,0.0,0.0,0.0
2022-09-27 17:02:35,0.0,1898.08,0.0,0.0,0.0,0.0,0.0,0.0
2022-09-27 17:02:36,0.0,1899.41,0.0,0.0,0.0,0.0,0.0,0.0
2022-09-27 17:02:37,0.0,1899.23,0.0,0.0,0.0,0.0,0.0,0.0
2022-09-27 17:02:38,0.0,1899.07,0.0,0.0,0.0,0.0,0.0,0.0
2022-09-27 17:02:39,0.0,1901.28,0.0,0.0,0.0,0.0,0.0,0.0
2022-09-27 17:02:40,0.0,1901.08,0.0,0.0,0.0,0.0,0.0,0.0
2022-09-27 17:02:41,0.0,1899.6,0.0,0.0,0.0,0.0,0.0,0.0
2022-09-27 17:02:42,0.0,1899.68,0.0,0.0,0.0,0.0,0.0,0.0
2022-09-27 17:02:43,0.0,1901.54,0.0,0.0,0.0,0.0,0.0,0.0
2022-09-27 17:02:44,0.0,1899.94,0.0,0.0,0.0,0.0,0.0,0.0
2022-09-27 17:02:45,0.0,1897.7,0.0,0.0,0.0,0.0,0.0,0.0
2022-09-27 17:02:46,0.0,1899.38,0.0,0.0,0.0,0.0,0.0,0.0
2022-09-27 17:02:47,0.0,1899.46,0.0,0.0,0.0,0.0,0.0,0.0
2022-09-27 17:02:48,0.0,1899.19,0.0,0.0,0.0,0.0,0.0,0.0
2022-09-27 17:02:49,0.0,1898.53,0.0,0.0,0.0,0.0,0.0,0.0
2022-09-27 17:02:50,0.0,1900.06,0.0,0.0,0.0,0.0,0.0,0.0
2022-09-27 17:02:51,0.0,1898.12,0.0,0.0,0.0,0.0,0.0,0.0
2022-09-27 17:02:52,0.0,1897.51,0.0,0.0,0.0,0.0,0.0,0.0
2022-09-27 17:02:53,0.0,1895.61,0.0,0.0,0.0,0.0,0.0,0.0
2022-09-27 17:02:54,0.0,1894.24,0.0,0.0,0.0,0.0,0.0,0.0
2022-09-27 17:02:55,0.0,1895.19,0.0,0.0,0.0,0.0,0.0,0.0
2022-09-27 17:02:56,0.0,1896.15,0.0,0.0,0.0,0.0,0.0,0.0
2022-09-27 17:02:57,0.0,1893.84,0.0,0.0,0.0,0.0,0.0,0.0
2022-09-27 17:02:58,0.0,1897.01,0.0,0.0,0.0,0.0,0.0,0.0
2022-09-27 17:02:59,0.0,1901.46,0.0,0.0,0.0,0.0,0.0,0.0
2022-09-27 17:03:00,0.0,1899.92,0.0,0.0,0.0,0.0,0.0,0.0
2022-09-27 17:03:01,0.0,1900.98,0.0,0.0,0.0,0.0,0.0,0.0
2022-09-27 17:03:02,0.0,1900.33,0.0,0.0,0.0,0.0,0.0,0.0
2022-09-27 17:03:03,0.0,1897.55,0.0,0.0,0.0,0.0,0.0,0.0
2022-09-27 17:03:04,0.0,1897.01,0.0,0.0,0.0,0.0,0.0,0.0
2022-09-27 17:03:05,0.0,1896.36,0.0,0.0,0.0,0.0,0.0,0.0
2022-09-27 17:03:06,0.0,1898.82,0.0,0.0,0.0,0.0,0.0,0.0
2022-09-27 17:03:07,0.0,1900.37,0.0,0.0,0.0,0.0,0.0,0.0
2022-09-27 17:03:08,0.0,1896.03,0.0,0.0,0.0,0.0,0.0,0.0
2022-09-27 17:03:09,0.0,1893.37,0.0,0.0,0.0,0.0,0.0,0.0
2022-09-27 17:03:10,0.0,1891.33,0.0,0.0,0.0,0.0,0.0,0.0
2022-09-27 17:03:11,0.0,1895.19,0.0,0.0,0.0,0.0,0.0,0.0
2022-09-27 17:03:12,0.0,1899.06,0.0,0.0,0.0,0.0,0.0,0.0
2022-09-27 17:03:13,0.0,1897.76,0.0,0.0,0.0,0.0,0.0,0.0
2022-09-27 17:03:14,0.0,1895.89,0.0,0.0,0.0,0.0,0.0,0.0
2022-09-27 17:03:15,0.0,1891.94,0.0,0.0,0.0,0.0,0.0,0.0
2022-09-27 17:03:16,0.0,1894.18,0.0,0.0,0.0,0.0,0.0,0.0
2022-09-27 17:03:17,0.0,1893.88,0.0,0.0,0.0,0.0,0.0,0.0
2022-09-27 17:03:18,0.0,1895.98,0.0,0.0,0.0,0.0,0.0,0.0
2022-09-27 17:03:19,0.0,1897.06,0.0,0.0,0.0,0.0,0.0,0.0
2022-09-27 17:03:20,0.0,1892.72,0.0,0.0,0.0,0.0,0.0,0.0
2022-09-27 17:03:21,0.0,1895.18,0.0,0.0,0.0,0.0,0.0,0.0
2022-09-27 17:03:22,0.0,1891.79,0.0,0.0,0.0,0.0,0.0,0.0
2022-09-27 17:03:23,0.0,1890.13,0.0,0.0,0.0,0.0,0.0,0.0
2022-09-27 17:03:24,0.0,1889.98,0.0,0.0,0.0,0.0,0.0,0.0
2022-09-27 17:03:25,0.0,1890.24,0.0,0.0,0.0,0.0,0.0,0.0
2022-09-27 17:03:26,0.0,1884.87,0.0,0.0,0.0,0.0,0.0,0.0
2022-09-27 17:03:27,0.0,1884.8,0.0,0.0,0.0,0.0,0.0,0.0
2022-09-27 17:03:28,0.0,1892.27,0.0,0.0,0.0,0.0,0.0,0.0
2022-09-27 17:03:29,0.0,1890.84,0.0,0.0,0.0,0.0,0.0,0.0
2022-09-27 17:03:30,0.0,1889.26,0.0,0.0,0.0,0.0,0.0,0.0
2022-09-27 17:03:31,0.0,1885.52,0.0,0.0,0.0,0.0,0.0,0.0
2022-09-27 17:03:32,0.0,1885.52,0.0,0.0,0.0,0.0,0.0,0.0
2022-09-27 17:03:33,0.0,1885.92,0.0,0.0,0.0,0.0,0.0,0.0
2022-09-27 17:03:34,0.0,1884.62,0.0,0.0,0.0,0.0,0.0,0.0
2022-09-27 17:03:35,0.0,1884.67,0.0,0.0,0.0,0.0,0.0,0.0
2022-09-27 17:03:36,0.0,1882.28,0.0,0.0,0.0,0.0,0.0,0.0
2022-09-27 17:03:37,0.0,1883.45,0.0,0.0,0.0,0.0,0.0,0.0
2022-09-27 17:03:38,0.0,1883.42,0.0,0.0,0.0,0.0,0.0,0.0
2022-09-27 17:03:39,0.0,1881.12,0.0,0.0,0.0,0.0,0.0,0.0
2022-09-27 17:03:40,0.0,1881.16,0.0,0.0,0.0,0.0,0.0,0.0
2022-09-27 17:03:41,0.0,1884.39,0.0,0.0,0.0,0.0,0.0,0.0
2022-09-27 17:03:42,0.0,1917.27,0.0,0.0,0.0,0.0,0.0,0.0
2022-09-27 17:03:43,0.0,1913.13,0.0,0.0,0.0,0.0,0.0,0.0
2022-09-27 17:03:44,0.0,1912.96,0.0,0.0,0.0,0.0,0.0,0.0
2022-09-27 17:03:45,0.0,1913.24,0.0,0.0,0.0,0.0,0.0,0.0
2022-09-27 17:03:46,0.0,1911.41,0.0,0.0,0.0,0.0,0.0,0.0
2022-09-27 17:03:47,0.0,1911.27,0.0,0.0,0.0,0.0,0.0,0.0
2022-09-27 17:03:48,0.0,1911.67,0.0,0.0,0.0,0.0,0.0,0.0
2022-09-27 17:03:49,0.0,1910.14,0.0,0.0,0.0,0.0,0.0,0.0
2022-09-27 17:03:50,0.0,1912.34,0.0,0.0,0.0,0.0,0.0,0.0
2022-09-27 17:03:51,0.0,1911.47,0.0,0.0,0.0,0.0,0.0,0.0
2022-09-27 17:03:52,0.0,1909.58,0.0,0.0,0.0,0.0,0.0,0.0
2022-09-27 17:03:53,0.0,1911.28,0.0,0.0,0.0,0.0,0.0,0.0
2022-09-27 17:03:54,0.0,1910.39,0.0,0.0,0.0,0.0,0.0,0.0
2022-09-27 17:03:55,0.0,1908.04,0.0,0.0,0.0,0.0,0.0,0.0
2022-09-27 17:03:56,0.0,1909.86,0.0,0.0,0.0,0.0,0.0,0.0
2022-09-27 17:03:57,0.0,1906.7,0.0,0.0,0.0,0.0,0.0,0.0
2022-09-27 17:03:58,0.0,1907.01,0.0,0.0,0.0,0.0,0.0,0.0
2022-09-27 17:03:59,0.0,1907.14,0.0,0.0,0.0,0.0,0.0,0.0
2022-09-27 17:04:00,0.0,1907.27,0.0,0.0,0.0,0.0,0.0,0.0
2022-09-27 17:04:01,0.0,1907.95,0.0,0.0,0.0,0.0,0.0,0.0
2022-09-27 17:04:02,0.0,1907.42,0.0,0.0,0.0,0.0,0.0,0.0
2022-09-27 17:04:03,0.0,1906.61,0.0,0.0,0.0,0.0,0.0,0.0
2022-09-27 17:04:04,0.0,1906.79,0.0,0.0,0.0,0.0,0.0,0.0
2022-09-27 17:04:05,0.0,1906.1,0.0,0.0,0.0,0.0,0.0,0.0
2022-09-27 17:04:06,0.0,1906.98,0.0,0.0,0.0,0.0,0.0,0.0
2022-09-27 17:04:07,0.0,1907.82,0.0,0.0,0.0,0.0,0.0,0.0
2022-09-27 17:04:08,0.0,1907.68,0.0,0.0,0.0,0.0,0.0,0.0
2022-09-27 17:04:09,0.0,1905.08,0.0,0.0,0.0,0.0,0.0,0.0
2022-09-27 17:04:10,0.0,1902.29,0.0,0.0,0.0,0.0,0.0,0.0
2022-09-27 17:04:11,0.0,1901.69,0.0,0.0,0.0,0.0,0.0,0.0
2022-09-27 17:04:12,0.0,1902.71,0.0,0.0,0.0,0.0,0.0,0.0
2022-09-27 17:04:13,0.0,1902.74,0.0,0.0,0.0,0.0,0.0,0.0
2022-09-27 17:04:14,0.0,1902.39,0.0,0.0,0.0,0.0,0.0,0.0
2022-09-27 17:04:15,0.0,1901.91,0.0,0.0,0.0,0.0,0.0,0.0
2022-09-27 17:04:16,0.0,1900.65,0.0,0.0,0.0,0.0,0.0,0.0
2022-09-27 17:04:17,0.0,1900.82,0.0,0.0,0.0,0.0,0.0,0.0
2022-09-27 17:04:18,0.0,1901.8,0.0,0.0,0.0,0.0,0.0,0.0
2022-09-27 17:04:19,0.0,1900.28,0.0,0.0,0.0,0.0,0.0,0.0
2022-09-27 17:04:20,0.0,1901.24,0.0,0.0,0.0,0.0,0.0,0.0
2022-09-27 17:04:21,0.0,1900.38,0.0,0.0,0.0,0.0,0.0,0.0
2022-09-27 17:04:22,0.0,1899.66,0.0,0.0,0.0,0.0,0.0,0.0
2022-09-27 17:04:23,0.0,1900.64,0.0,0.0,0.0,0.0,0.0,0.0
2022-09-27 17:04:24,0.0,1900.66,0.0,0.0,0.0,0.0,0.0,0.0
2022-09-27 17:04:25,0.0,1901.48,0.0,0.0,0.0,0.0,0.0,0.0
2022-09-27 17:04:26,0.0,1901.46,0.0,0.0,0.0,0.0,0.0,0.0
2022-09-27 17:04:27,0.0,1899.97,0.0,0.0,0.0,0.0,0.0,0.0
2022-09-27 17:04:28,0.0,1901.19,0.0,0.0,0.0,0.0,0.0,0.0
2022-09-27 17:04:29,0.0,1899.07,0.0,0.0,0.0,0.0,0.0,0.0
2022-09-27 17:04:30,0.0,948.4,0.0,0.0,0.0,0.0,0.0,0.0
2022-09-27 17:04:31,0.0,0.0,0.0,0.0,0.0,0.0,0.0,0.0
2022-09-27 17:04:32,0.0,0.0,0.0,0.0,0.0,0.0,0.0,0.0
2022-09-27 17:04:33,0.0,0.0,0.0,0.0,0.0,0.0,0.0,0.0
2022-09-27 17:04:34,0.0,0.0,0.0,0.0,0.0,0.0,0.0,0.0
2022-09-27 17:04:35,0.0,0.0,0.0,0.0,0.0,0.0,0.0,0.0
2022-09-27 17:04:36,0.0,0.0,0.0,0.0,0.0,0.0,0.0,0.0
2022-09-27 17:04:37,0.0,0.0,0.0,0.0,0.0,0.0,0.0,0.0
2022-09-27 17:04:38,0.0,0.0,0.0,0.0,0.0,0.0,0.0,0.0
2022-09-27 17:04:39,0.0,0.0,0.0,0.0,0.0,0.0,0.0,0.0
2022-09-27 17:04:40,0.0,0.0,0.0,0.0,0.0,0.0,0.0,0.0
2022-09-27 17:04:41,0.0,0.0,0.0,0.0,0.0,0.0,0.0,0.0
2022-09-27 17:04:42,0.0,0.0,0.0,0.0,0.0,0.0,0.0,0.0
2022-09-27 17:04:43,0.0,0.0,0.0,0.0,0.0,0.0,0.0,0.0
2022-09-27 17:04:44,0.0,0.0,0.0,0.0,0.0,0.0,0.0,0.0
2022-09-27 17:04:45,0.0,0.0,0.0,0.0,0.0,0.0,0.0,0.0
2022-09-27 17:04:46,0.0,0.0,0.0,0.0,0.0,0.0,0.0,0.0
2022-09-27 17:04:47,0.0,0.0,0.0,0.0,0.0,0.0,0.0,0.0
2022-09-27 17:04:48,0.0,0.0,0.0,0.0,0.0,0.0,0.0,0.0
2022-09-27 17:04:49,0.0,0.0,0.0,0.0,0.0,0.0,0.0,0.0
2022-09-27 17:04:50,0.0,0.0,0.0,0.0,0.0,0.0,0.0,0.0
2022-09-27 17:04:51,0.0,0.0,0.0,0.0,0.0,0.0,0.0,0.0
2022-09-27 17:04:52,0.0,0.0,0.0,0.0,0.0,0.0,0.0,0.0
2022-09-27 17:04:53,0.0,0.0,0.0,0.0,0.0,0.0,0.0,0.0
2022-09-27 17:04:54,0.0,0.0,0.0,0.0,0.0,0.0,0.0,0.0
2022-09-27 17:04:55,0.0,0.0,0.0,0.0,0.0,0.0,0.0,0.0
2022-09-27 17:04:56,0.0,0.0,0.0,0.0,0.0,0.0,0.0,0.0
