Timestamp,UNIX,Active (W),Apparent (VA),fridge,aircond,washing_machine,dryer,kettle,vacuum,water_heater,oven
2022-09-29 10:39:30,1664419170,11.25,17.6375,0.0,0.0,0.0,0.0,0.0,0.0,0.0,0.0
2022-09-29 10:39:36,1664419176,11.753333333333332,18.091666666666665,0.0,0.0,0.0,0.0,0.0,0.0,0.0,0.0
2022-09-29 10:39:42,1664419182,11.908333333333331,18.215,0.0,0.0,0.0,0.0,0.0,0.0,0.0,0.0
2022-09-29 10:39:48,1664419188,11.121666666666668,17.585,0.0,0.0,0.0,0.0,0.0,0.0,0.0,0.0
2022-09-29 10:39:54,1664419194,11.55,17.926666666666666,0.0,0.0,0.0,0.0,0.0,0.0,0.0,0.0
2022-09-29 10:40:00,1664419200,11.713333333333331,18.081666666666667,0.0,0.0,0.0,0.0,0.0,0.0,0.0,0.0
2022-09-29 10:40:06,1664419206,12.446666666666667,18.69333333333333,0.0,0.0,0.0,0.0,0.0,0.0,0.0,0.0
2022-09-29 10:40:12,1664419212,12.261666666666663,18.521666666666665,0.0,0.0,0.0,0.0,0.0,0.0,0.0,0.0
2022-09-29 10:40:18,1664419218,11.096666666666666,17.541666666666668,0.0,0.0,0.0,0.0,0.0,0.0,0.0,0.0
2022-09-29 10:40:24,1664419224,11.2,17.576666666666668,0.0,0.0,0.0,0.0,0.0,0.0,0.0,0.0
2022-09-29 10:40:30,1664419230,42.085,50.63666666666666,0.0,0.0,0.0,0.0,0.0,0.0,0.0,31.313333333333336
2022-09-29 10:40:36,1664419236,10.935,17.19666666666667,0.0,0.0,0.0,0.0,0.0,0.0,0.0,0.0
2022-09-29 10:40:42,1664419242,11.573333333333332,17.836666666666666,0.0,0.0,0.0,0.0,0.0,0.0,0.0,0.0016666666666666
2022-09-29 10:40:48,1664419248,11.456666666666663,17.668333333333333,0.0,0.0,0.0,0.0,0.0,0.0,0.0,0.0
2022-09-29 10:40:54,1664419254,11.958333333333334,18.021666666666665,0.0,0.0,0.0,0.0,0.0,0.0,0.0,0.0016666666666666
2022-09-29 10:41:00,1664419260,1356.506666666667,1359.57,0.0,0.0,0.0,0.0,1339.2283333333337,0.0,0.0,0.0
2022-09-29 10:41:06,1664419266,2189.015,2189.411666666667,0.0,0.0,0.0,0.0,2167.536666666667,0.0,0.0,0.0
2022-09-29 10:41:12,1664419272,2188.518333333333,2188.915,0.0,0.0,0.0,0.0,2167.028333333333,0.0,0.0,0.0
2022-09-29 10:41:18,1664419278,2188.9216666666666,2189.31,0.0,0.0,0.0,0.0,2167.4283333333333,0.0,0.0,0.0
2022-09-29 10:41:24,1664419284,2185.818333333333,2186.205,0.0,0.0,0.0,0.0,2164.42,0.0,0.0,0.0
2022-09-29 10:41:30,1664419290,3590.295,3590.508333333333,0.0,0.0,0.0,0.0,2148.383333333333,0.0,0.0,1416.285
2022-09-29 10:41:36,1664419296,4403.666666666667,4403.723333333333,0.0,0.0,0.0,0.0,2144.7366666666667,0.0,0.0,2231.901666666666
2022-09-29 10:41:42,1664419302,4408.048333333333,4408.099999999999,0.0,0.0,0.0,0.0,2149.625,0.0,0.0,2231.346666666667
2022-09-29 10:41:48,1664419308,4410.788333333333,4410.846666666667,0.0,0.0,0.0,0.0,2153.608333333333,0.0,0.0,2229.585
2022-09-29 10:41:54,1664419314,4393.073333333333,4393.13,0.0,0.0,0.0,0.0,2147.335,0.0,0.0,2218.393333333333
2022-09-29 10:42:00,1664419320,3070.7116666666666,3071.1733333333336,0.0,0.0,0.0,0.0,838.2466666666666,0.0,0.0,2223.3683333333333
2022-09-29 10:42:06,1664419326,2223.3783333333336,2223.4733333333334,0.0,0.0,0.0,0.0,0.0,0.0,0.0,2225.105
2022-09-29 10:42:12,1664419332,2219.415,2219.51,0.0,0.0,0.0,0.0,0.0,0.0,0.0,2220.9333333333334
2022-09-29 10:42:18,1664419338,2212.7366666666667,2212.838333333333,0.0,0.0,0.0,0.0,0.0,0.0,0.0,2213.855
2022-09-29 10:42:24,1664419344,2209.3316666666665,2209.4333333333334,0.0,0.0,0.0,0.0,0.0,0.0,0.0,2211.248333333333
2022-09-29 10:42:30,1664419350,886.18,890.6516666666666,0.0,0.0,0.0,0.0,0.0016666666666666,0.0,0.0,881.3249999999999
2022-09-29 10:42:36,1664419356,12.0,19.063333333333333,0.0,0.0,0.0,0.0,0.0016666666666666,0.0,0.0,0.0499999999999999
2022-09-29 10:42:42,1664419362,11.315,18.3,0.0,0.0,0.0,0.0,0.0,0.0,0.0,0.0349999999999999
2022-09-29 10:42:48,1664419368,3.673333333333333,6.010000000000001,0.0,0.0,0.0,0.0,0.0,0.0,0.0,0.0
2022-09-29 10:42:54,1664419374,0.0,0.0,0.0,0.0,0.0,0.0,0.0,0.0,0.0,0.0
2022-09-29 10:43:00,1664419380,0.0,0.0,0.0,0.0,0.0,0.0,0.0,0.0,0.0,0.0
2022-09-29 10:43:06,1664419386,0.0,0.0,0.0,0.0,0.0,0.0,0.0,0.0,0.0,0.0
2022-09-29 10:43:12,1664419392,0.0,0.0,0.0,0.0,0.0,0.0,0.0,0.0,0.0,0.0
2022-09-29 10:43:18,1664419398,0.0,0.0,0.0,0.0,0.0,0.0,0.0,0.0,0.0,0.0
2022-09-29 10:43:24,1664419404,0.0,0.0,0.0,0.0,0.0,0.0,0.0,0.0,0.0,0.0
2022-09-29 10:43:30,1664419410,0.0,0.0,0.0,0.0,0.0,0.0,0.0,0.0,0.0,0.0
2022-09-29 10:43:36,1664419416,0.0,0.0,0.0,0.0,0.0,0.0,0.0,0.0,0.0,0.0
2022-09-29 10:43:42,1664419422,0.0,0.0,0.0,0.0,0.0,0.0,0.0,0.0,0.0,0.0
2022-09-29 10:43:48,1664419428,0.0,0.0,0.0,0.0,0.0,0.0,0.0,0.0,0.0,0.0
2022-09-29 10:43:54,1664419434,0.0,0.0,0.0,0.0,0.0,0.0,0.0,0.0,0.0,0.0
2022-09-29 10:44:00,1664419440,0.0,0.0,0.0,0.0,0.0,0.0,0.0,0.0,0.0,0.0
2022-09-29 10:44:06,1664419446,0.0,0.0,0.0,0.0,0.0,0.0,0.0,0.0,0.0,0.0
2022-09-29 10:44:12,1664419452,0.0,0.0,0.0,0.0,0.0,0.0,0.0,0.0,0.0,0.0
2022-09-29 10:44:18,1664419458,0.0,0.0,0.0,0.0,0.0,0.0,0.0,0.0,0.0,0.0
2022-09-29 10:44:24,1664419464,0.0,0.0,0.0,0.0,0.0,0.0,0.0,0.0,0.0,0.0
2022-09-29 10:44:30,1664419470,0.0,0.0,0.0,0.0,0.0,0.0,0.0,0.0,0.0,0.0
2022-09-29 10:44:36,1664419476,0.0,0.0,0.0,0.0,0.0,0.0,0.0,0.0,0.0,0.0
2022-09-29 10:44:42,1664419482,0.0,0.0,0.0,0.0,0.0,0.0,0.0,0.0,0.0,0.0
2022-09-29 10:44:48,1664419488,0.0,0.0,0.0,0.0,0.0,0.0,0.0,0.0,0.0,0.0
2022-09-29 10:44:54,1664419494,0.0,0.0,0.0,0.0,0.0,0.0,0.0,0.0,0.0,0.0
2022-09-29 10:45:00,1664419500,0.0,0.0,0.0,0.0,0.0,0.0,0.0,0.0,0.0,0.0
2022-09-29 10:45:06,1664419506,0.0,0.0,0.0,0.0,0.0,0.0,0.0,0.0,0.0,0.0
2022-09-29 10:45:12,1664419512,0.0,0.0,0.0,0.0,0.0,0.0,0.0,0.0,0.0,0.0
2022-09-29 10:45:18,1664419518,0.0,0.0,0.0,0.0,0.0,0.0,0.0,0.0,0.0,0.0
2022-09-29 10:45:24,1664419524,0.0,0.0,0.0,0.0,0.0,0.0,0.0,0.0,0.0,0.0
2022-09-29 10:45:30,1664419530,0.0,0.0,0.0,0.0,0.0,0.0,0.0,0.0,0.0,0.0
2022-09-29 10:45:36,1664419536,7.79,12.063333333333333,0.0,0.0,0.0,0.0,0.0,0.0,0.0,0.0
2022-09-29 10:45:42,1664419542,12.225,18.5,0.0,0.0,0.0,0.0,0.0,0.0,0.0,0.0
2022-09-29 10:45:48,1664419548,12.105,18.366666666666664,0.0,0.0,0.0,0.0,0.0,0.0,0.0,0.0
2022-09-29 10:45:54,1664419554,12.97,19.04833333333333,0.0,0.0,0.0,0.0,0.0,0.0,0.0,0.0
2022-09-29 10:46:00,1664419560,12.995,19.236666666666665,0.0,0.0,0.0,0.0,0.0,0.0,0.0,0.1633333333333333
2022-09-29 10:46:06,1664419566,12.853333333333332,18.791666666666668,0.0,0.0,0.0,0.0,0.0,0.0,0.0,0.0016666666666666
2022-09-29 10:46:12,1664419572,12.37,18.491666666666667,0.0,0.0,0.0,0.0,0.0,0.0,0.0,0.0
2022-09-29 10:46:18,1664419578,12.053333333333333,18.22,0.0,0.0,0.0,0.0,0.0,0.0,0.0,0.0
2022-09-29 10:46:24,1664419584,12.823333333333332,18.813333333333333,0.0,0.0,0.0,0.0,0.0,0.0,0.0,0.0
2022-09-29 10:46:30,1664419590,12.411666666666669,18.50333333333333,0.0,0.0,0.0,0.0,0.0,0.0,0.0,0.0
2022-09-29 10:46:36,1664419596,2278.218333333333,2287.096666666667,0.0,0.0,0.0,0.0,0.0,0.0,2252.6583333333333,0.015
2022-09-29 10:46:42,1664419602,3521.933333333333,3525.705,0.0,0.0,0.0,0.0,0.0,0.0,3489.23,0.0216666666666666
2022-09-29 10:46:48,1664419608,3519.103333333333,3522.833333333333,0.0,0.0,0.0,0.0,0.0,0.0,3486.23,0.02
2022-09-29 10:46:54,1664419614,3517.9516666666664,3521.7066666666665,0.0,0.0,0.0,0.0,0.0,0.0,3485.0416666666665,0.0216666666666666
2022-09-29 10:47:00,1664419620,3519.98,3523.7616666666668,0.0,0.0,0.0,0.0,0.0,0.0,3487.0416666666665,0.02
2022-09-29 10:47:06,1664419626,3514.838333333333,3518.6633333333334,0.0,0.0,0.0,0.0,0.0,0.0,3482.0166666666664,0.02
2022-09-29 10:47:12,1664419632,3519.1416666666664,3522.971666666667,0.0,0.0,0.0,0.0,0.0,0.0,3486.4933333333333,0.0166666666666666
2022-09-29 10:47:18,1664419638,3804.1733333333336,3807.98,0.0,0.0,0.0,0.0,0.0,0.0,3474.976666666667,296.065
2022-09-29 10:47:24,1664419644,5699.946666666667,5702.843333333333,0.0,0.0,0.0,0.0,0.0,0.0,3441.99,2217.141666666667
2022-09-29 10:47:30,1664419650,5690.891666666666,5693.801666666666,0.0,0.0,0.0,0.0,0.0,0.0,3439.2233333333334,2210.71
2022-09-29 10:47:36,1664419656,5681.733333333334,5684.638333333333,0.0,0.0,0.0,0.0,0.0,0.0,3436.6183333333333,2203.915
2022-09-29 10:47:42,1664419662,5669.821666666667,5674.721666666667,0.0,0.0,0.0,0.0,0.0,0.0,3430.1200000000003,2198.313333333333
2022-09-29 10:47:48,1664419668,5641.943333333333,5654.0233333333335,0.0,0.0,0.0,0.0,0.0,0.0,3408.4233333333336,2194.155
2022-09-29 10:47:54,1664419674,5609.45,5629.971666666667,0.0,0.0,0.0,0.0,0.0,0.0,3380.691666666667,2189.9166666666665
2022-09-29 10:48:00,1664419680,5562.808333333333,5592.261666666666,0.0,0.0,0.0,0.0,0.0,0.0,3344.0116666666668,2180.438333333333
2022-09-29 10:48:06,1664419686,5596.496666666667,5614.613333333334,0.0,0.0,0.0,0.0,0.0,0.0,3382.005,2174.85
2022-09-29 10:48:12,1664419692,5610.509999999999,5624.178333333333,0.0,0.0,0.0,0.0,0.0,0.0,3399.1633333333334,2171.5750000000003
2022-09-29 10:48:18,1664419698,2295.685,2296.4533333333334,0.0,0.0,0.0,0.0,0.0,0.0,91.02166666666666,2205.52
2022-09-29 10:48:24,1664419704,1350.3466666666666,1353.3583333333331,0.0,0.0,0.0,0.0,0.0,0.0,0.0,1345.5433333333333
2022-09-29 10:48:30,1664419710,12.106666666666667,18.316666666666663,0.0,0.0,0.0,0.0,0.0,0.0,0.0,0.0
2022-09-29 10:48:36,1664419716,11.17,17.555,0.0,0.0,0.0,0.0,0.0,0.0,0.0,0.0
2022-09-29 10:48:42,1664419722,5.801666666666667,8.955,0.0,0.0,0.0,0.0,0.0,0.0,0.0,0.0
2022-09-29 10:48:48,1664419728,0.0,0.0,0.0,0.0,0.0,0.0,0.0,0.0,0.0,0.0
2022-09-29 10:48:54,1664419734,0.0,0.0,0.0,0.0,0.0,0.0,0.0,0.0,0.0,0.0
2022-09-29 10:49:00,1664419740,0.0,0.0,0.0,0.0,0.0,0.0,0.0,0.0,0.0,0.0
2022-09-29 10:49:06,1664419746,0.0,0.0,0.0,0.0,0.0,0.0,0.0,0.0,0.0,0.0
2022-09-29 10:49:12,1664419752,0.0,0.0,0.0,0.0,0.0,0.0,0.0,0.0,0.0,0.0
2022-09-29 10:49:18,1664419758,0.0,0.0,0.0,0.0,0.0,0.0,0.0,0.0,0.0,0.0
2022-09-29 10:49:24,1664419764,0.0,0.0,0.0,0.0,0.0,0.0,0.0,0.0,0.0,0.0
2022-09-29 10:49:30,1664419770,0.0,0.0,0.0,0.0,0.0,0.0,0.0,0.0,0.0,0.0
2022-09-29 10:49:36,1664419776,0.0,0.0,0.0,0.0,0.0,0.0,0.0,0.0,0.0,0.0
2022-09-29 10:49:42,1664419782,0.0,0.0,0.0,0.0,0.0,0.0,0.0,0.0,0.0,0.0
2022-09-29 10:49:48,1664419788,0.0,0.0,0.0,0.0,0.0,0.0,0.0,0.0,0.0,0.0
2022-09-29 10:49:54,1664419794,0.0,0.0,0.0,0.0,0.0,0.0,0.0,0.0,0.0,0.0
2022-09-29 10:50:00,1664419800,0.0,0.0,0.0,0.0,0.0,0.0,0.0,0.0,0.0,0.0
2022-09-29 10:50:06,1664419806,0.0,0.0,0.0,0.0,0.0,0.0,0.0,0.0,0.0,0.0
2022-09-29 10:50:12,1664419812,0.0,0.0,0.0,0.0,0.0,0.0,0.0,0.0,0.0,0.0
2022-09-29 10:50:18,1664419818,0.0,0.0,0.0,0.0,0.0,0.0,0.0,0.0,0.0,0.0
2022-09-29 10:50:24,1664419824,0.0,0.0,0.0,0.0,0.0,0.0,0.0,0.0,0.0,0.0
2022-09-29 10:50:30,1664419830,0.0,0.0,0.0,0.0,0.0,0.0,0.0,0.0,0.0,0.0
2022-09-29 10:50:36,1664419836,0.0,0.0,0.0,0.0,0.0,0.0,0.0,0.0,0.0,0.0
2022-09-29 10:50:42,1664419842,0.0,0.0,0.0,0.0,0.0,0.0,0.0,0.0,0.0,0.0
2022-09-29 10:50:48,1664419848,0.0,0.0,0.0,0.0,0.0,0.0,0.0,0.0,0.0,0.0
2022-09-29 10:50:54,1664419854,0.0,0.0,0.0,0.0,0.0,0.0,0.0,0.0,0.0,0.0
2022-09-29 10:51:00,1664419860,0.0,0.0,0.0,0.0,0.0,0.0,0.0,0.0,0.0,0.0
2022-09-29 10:51:06,1664419866,0.0,0.0,0.0,0.0,0.0,0.0,0.0,0.0,0.0,0.0
2022-09-29 10:51:12,1664419872,0.0,0.0,0.0,0.0,0.0,0.0,0.0,0.0,0.0,0.0
2022-09-29 10:51:18,1664419878,0.0,0.0,0.0,0.0,0.0,0.0,0.0,0.0,0.0,0.0
2022-09-29 10:51:24,1664419884,0.0,0.0,0.0,0.0,0.0,0.0,0.0,0.0,0.0,0.0
2022-09-29 10:51:30,1664419890,0.0,0.0,0.0,0.0,0.0,0.0,0.0,0.0,0.0,0.0
2022-09-29 10:51:36,1664419896,0.0,0.0,0.0,0.0,0.0,0.0,0.0,0.0,0.0,0.0
2022-09-29 10:51:42,1664419902,0.0,0.0,0.0,0.0,0.0,0.0,0.0,0.0,0.0,0.0
2022-09-29 10:51:48,1664419908,0.0,0.0,0.0,0.0,0.0,0.0,0.0,0.0,0.0,0.0
2022-09-29 10:51:54,1664419914,0.0,0.0,0.0,0.0,0.0,0.0,0.0,0.0,0.0,0.0
2022-09-29 10:52:00,1664419920,0.0,0.0,0.0,0.0,0.0,0.0,0.0,0.0,0.0,0.0
2022-09-29 10:52:06,1664419926,0.0,0.0,0.0,0.0,0.0,0.0,0.0,0.0,0.0,0.0
2022-09-29 10:52:12,1664419932,0.0,0.0,0.0,0.0,0.0,0.0,0.0,0.0,0.0,0.0
2022-09-29 10:52:18,1664419938,0.0,0.0,0.0,0.0,0.0,0.0,0.0,0.0,0.0,0.0
2022-09-29 10:52:24,1664419944,0.0,0.0,0.0,0.0,9.365,0.0,0.0,0.0,0.0,0.0
2022-09-29 10:52:30,1664419950,0.0,0.0,0.0,0.0,31.911666666666665,0.0,0.0,0.0,0.0,0.0
2022-09-29 10:52:36,1664419956,0.0,0.0,0.0,0.0,39.23833333333334,0.0,0.0,0.0,0.0,0.0
2022-09-29 10:52:42,1664419962,0.0,0.0,0.0,0.0,34.995,0.0,0.0,0.0,0.0,0.0
2022-09-29 10:52:48,1664419968,0.0,0.0,0.0,0.0,34.755,0.0,0.0,0.0,0.0,0.0
2022-09-29 10:52:54,1664419974,0.0,0.0,0.0,0.0,34.346666666666664,0.0,0.0,0.0,0.0,0.0
2022-09-29 10:53:00,1664419980,0.0,0.0,0.0,0.0,34.20333333333333,0.0,0.0,0.0,0.0,0.0
2022-09-29 10:53:06,1664419986,0.0,0.0,0.0,0.0,48.54,0.0,0.0,0.0,0.0,0.0
2022-09-29 10:53:12,1664419992,0.0,0.0,0.0,0.0,38.31166666666667,0.0,0.0,0.0,0.0,0.0
2022-09-29 10:53:18,1664419998,0.0,0.0,0.0,0.0,33.375,0.0,0.0,0.0,0.0,0.0
2022-09-29 10:53:24,1664420004,0.0,0.0,0.0,0.0,33.56333333333333,0.0,0.0,0.0,0.0,0.0
2022-09-29 10:53:30,1664420010,0.0,0.0,0.0,0.0,34.13333333333333,0.0,0.0,0.0,0.0,0.0
2022-09-29 10:53:36,1664420016,0.0,0.0,0.0,0.0,34.31666666666667,0.0,0.0,0.0,0.0,0.0
2022-09-29 10:53:42,1664420022,0.0,0.0,0.0,0.0,34.06666666666667,0.0,0.0,0.0,0.0,0.0
2022-09-29 10:53:48,1664420028,0.0,0.0,0.0,0.0,34.66833333333333,0.0,0.0,0.0,0.0,0.0
2022-09-29 10:53:54,1664420034,0.0,0.0,0.0,0.0,34.16166666666667,0.0,0.0,0.0,0.0,0.0
2022-09-29 10:54:00,1664420040,0.0,0.0,0.0,0.0,34.11,0.0,0.0,0.0,0.0,0.0
2022-09-29 10:54:06,1664420046,0.0,0.0,0.0,0.0,34.800000000000004,0.0,0.0,0.0,0.0,0.0
2022-09-29 10:54:12,1664420052,0.0,0.0,0.0,0.0,35.24166666666667,0.0,0.0,0.0,0.0,0.0
2022-09-29 10:54:18,1664420058,0.0,0.0,0.0,0.0,35.10166666666667,0.0,0.0,0.0,0.0,0.0
2022-09-29 10:54:24,1664420064,0.0,0.0,0.0,0.0,35.19833333333333,0.0,0.0,0.0,0.0,0.0
2022-09-29 10:54:30,1664420070,0.0,0.0,12.463333333333331,0.0,34.61,0.0,0.0,0.0,0.0,0.0
2022-09-29 10:54:36,1664420076,0.0,0.0,65.42833333333333,0.0,34.38,0.0,0.0,0.0,0.0,0.0
2022-09-29 10:54:42,1664420082,0.0,0.0,9.675,0.0,33.95666666666667,0.0,0.0,0.0,0.0,0.0
2022-09-29 10:54:48,1664420088,0.0,0.0,9.09,0.0,33.88833333333333,0.0,0.0,0.0,0.0,0.0
2022-09-29 10:54:54,1664420094,0.0,0.0,9.011666666666668,0.0,34.01166666666666,0.0,0.0,0.0,0.0,0.0
2022-09-29 10:55:00,1664420100,0.0,0.0,8.525,0.0,34.315,0.0,0.0,0.0,0.0,0.0
2022-09-29 10:55:06,1664420106,0.0,0.0,8.345,0.0,34.725,0.0,0.0,0.0,0.0,0.0
2022-09-29 10:55:12,1664420112,0.0,0.0,8.281666666666666,0.0,34.235,0.0,0.0,0.0,0.0,0.0
2022-09-29 10:55:18,1664420118,0.0,0.0,7.94,0.0,34.428333333333335,0.0,0.0,0.0,0.0,0.0
2022-09-29 10:55:24,1664420124,0.0,0.0,8.183333333333334,0.0,33.79666666666667,0.0,0.0,0.0,0.0,0.0
2022-09-29 10:55:30,1664420130,0.0,0.0,8.708333333333334,0.0,34.21,0.0,0.0,0.0,0.0,0.0
2022-09-29 10:55:36,1664420136,0.0,0.0,8.421666666666667,0.0,34.910000000000004,0.0,0.0,0.0,0.0,0.0
2022-09-29 10:55:42,1664420142,0.0,0.0,8.645000000000001,0.0,34.86166666666667,0.0,0.0,0.0,0.0,0.0
2022-09-29 10:55:48,1664420148,0.0,0.0,8.776666666666666,0.0,34.67166666666667,0.0,0.0,0.0,0.0,0.0
2022-09-29 10:55:54,1664420154,0.0,0.0,8.468333333333334,0.0,34.10666666666667,0.0,0.0,0.0,0.0,0.0
2022-09-29 10:56:00,1664420160,0.0,0.0,8.591666666666667,0.0,34.39833333333333,0.0,0.0,0.0,0.0,0.0
2022-09-29 10:56:06,1664420166,0.0,0.0,8.355,0.0,33.888333333333335,0.0,0.0,0.0,0.0,0.0
2022-09-29 10:56:12,1664420172,0.0,0.0,8.011666666666667,0.0,33.82666666666667,0.0,0.0,0.0,0.0,0.0
2022-09-29 10:56:18,1664420178,0.0,0.0,8.316666666666666,0.0,34.47833333333333,0.0,0.0,0.0,0.0,0.0
2022-09-29 10:56:24,1664420184,0.0,0.0,8.656666666666666,0.0,34.605,0.0,0.0,0.0,0.0,0.0
2022-09-29 10:56:30,1664420190,0.0,0.0,8.488333333333333,0.0,34.233333333333334,0.0,0.0,0.0,0.0,0.0
2022-09-29 10:56:36,1664420196,0.0,0.0,8.365,0.0,34.66833333333333,0.0,0.0,0.0,0.0,0.0
2022-09-29 10:56:42,1664420202,0.0,0.0,8.185,0.0,34.251666666666665,0.0,0.0,0.0,0.0,0.0
2022-09-29 10:56:48,1664420208,0.0,0.0,7.958333333333333,0.0,33.85,0.0,0.0,0.0,0.0,0.0
2022-09-29 10:56:54,1664420214,0.0,0.0,8.401666666666666,0.0,34.443333333333335,0.0,0.0,0.0,0.0,0.0
2022-09-29 10:57:00,1664420220,0.0,0.0,8.935,0.0,35.04666666666667,0.0,0.0,0.0,0.0,0.0
2022-09-29 10:57:06,1664420226,0.0,0.0,9.041666666666666,0.0,35.15833333333333,0.0,0.0,0.0,0.0,0.0
2022-09-29 10:57:12,1664420232,0.0,0.0,8.645,0.0,34.995,0.0,0.0,0.0,0.0,0.0
2022-09-29 10:57:18,1664420238,0.0,0.0,8.511666666666667,0.0,40.678333333333335,0.0,0.0,0.0,0.0,0.0
2022-09-29 10:57:24,1664420244,0.0,0.0,8.421666666666667,0.0,70.96499999999999,0.0,0.0,0.0,0.0,0.0
2022-09-29 10:57:30,1664420250,0.0,0.0,8.501666666666667,0.0,62.19833333333333,0.0,0.0,0.0,0.0,0.0
2022-09-29 10:57:36,1664420256,0.0,0.0,8.66,0.0,74.145,0.0,0.0,0.0,0.0,0.0
2022-09-29 10:57:42,1664420262,0.0,0.0,8.451666666666666,0.0,62.14333333333334,0.0,0.0,0.0,0.0,0.0
2022-09-29 10:57:48,1664420268,0.0,0.0,8.511666666666667,0.0,71.09333333333332,0.0,0.0,0.0,0.0,0.0
2022-09-29 10:57:54,1664420274,0.0,0.0,8.361666666666666,0.0,64.38833333333334,0.0,0.0,0.0,0.0,0.0
2022-09-29 10:58:00,1664420280,0.0,0.0,8.138333333333334,0.0,52.05833333333333,0.0,0.0,0.0,0.0,0.0
2022-09-29 10:58:06,1664420286,0.0,0.0,8.545,0.0,43.845,0.0,0.0,0.0,0.0,0.0
2022-09-29 10:58:12,1664420292,0.0,0.0,8.5,0.0,71.145,0.0,0.0,0.0,0.0,0.0
2022-09-29 10:58:18,1664420298,0.0,0.0,8.421666666666667,0.0,71.08166666666666,0.0,0.0,0.0,0.0,0.0
2022-09-29 10:58:24,1664420304,0.0,0.0,8.195,0.0,71.71666666666667,0.0,0.0,0.0,0.0,0.0
2022-09-29 10:58:30,1664420310,0.0,0.0,8.338333333333333,0.0,72.08833333333332,0.0,0.0,0.0,0.0,0.0
2022-09-29 10:58:36,1664420316,0.0,0.0,8.521666666666667,0.0,71.65166666666666,0.0,0.0,0.0,0.0,0.0
2022-09-29 10:58:42,1664420322,0.0,0.0,8.441666666666666,0.0,72.80166666666666,0.0,0.0,0.0,0.0,0.0
2022-09-29 10:58:48,1664420328,0.0,0.0,8.323333333333332,0.0,72.75333333333334,0.0,0.0,0.0,0.0,0.0
2022-09-29 10:58:54,1664420334,0.0,0.0,8.151666666666666,0.0,74.42333333333333,0.0,0.0,0.0,0.0,0.0
2022-09-29 10:59:00,1664420340,0.0,0.0,8.466666666666667,0.0,72.41833333333334,0.0,0.0,0.0,0.0,0.0
2022-09-29 10:59:06,1664420346,0.0,0.0,8.435,0.0,74.04166666666667,0.0,0.0,0.0,0.0,0.0
2022-09-29 10:59:12,1664420352,0.0,0.0,8.265,0.0,72.79333333333334,0.0,0.0,0.0,0.0,0.0
2022-09-29 10:59:18,1664420358,0.0,0.0,8.116666666666667,0.0,72.39166666666667,0.0,0.0,0.0,0.0,0.0
2022-09-29 10:59:24,1664420364,0.0,0.0,8.171666666666667,0.0,73.01833333333333,0.0,0.0,0.0,0.0,0.0
2022-09-29 10:59:30,1664420370,0.0,0.0,8.335,0.0,72.76333333333334,0.0,0.0,0.0,0.0,0.0
2022-09-29 10:59:36,1664420376,0.0,0.0,8.313333333333334,0.0,72.62666666666667,0.0,0.0,0.0,0.0,0.0
2022-09-29 10:59:42,1664420382,0.0,0.0,8.165000000000001,0.0,75.44,0.0,0.0,0.0,0.0,0.0
2022-09-29 10:59:48,1664420388,90.29,123.32333333333334,7.955000000000001,0.0,74.43,0.0,0.0033333333333333,0.0,0.0,0.0
2022-09-29 10:59:54,1664420394,91.24666666666668,124.45166666666668,7.935,0.0,75.29833333333333,0.0,0.0333333333333333,0.0,0.0,0.0
2022-09-29 11:00:00,1664420400,90.43333333333334,123.32333333333332,8.013333333333334,0.0,75.055,0.0,0.085,0.0,0.0,0.0
2022-09-29 11:00:06,1664420406,81.205,112.05333333333331,7.898333333333333,0.0,65.25166666666667,0.0,0.155,0.0,0.0,0.0
2022-09-29 11:00:12,1664420412,52.61666666666667,77.86,7.763333333333333,0.0,35.84666666666667,0.0,0.2583333333333333,0.0,0.0,0.0
2022-09-29 11:00:18,1664420418,79.57666666666667,110.665,7.616666666666667,0.0,63.711666666666666,0.0,0.335,0.0,0.0,0.0
2022-09-29 11:00:24,1664420424,88.37833333333333,121.09,7.38,0.0,72.81666666666666,0.0,0.3899999999999999,0.0,0.0166666666666666,0.0
2022-09-29 11:00:30,1664420430,3315.505,3351.066666666667,7.138333333333333,0.0,74.53500000000001,0.0,0.3,0.0,3207.5933333333337,0.0
2022-09-29 11:00:36,1664420436,3588.1716666666666,3618.97,7.238333333333333,0.0,72.86666666666666,0.0,0.4466666666666667,0.0,3480.7883333333334,0.0
2022-09-29 11:00:42,1664420442,3585.986666666666,3618.49,6.951666666666667,0.0,73.86833333333333,0.0,0.6383333333333333,0.0,3477.705,0.0
2022-09-29 11:00:48,1664420448,3495.818333333333,3573.081666666667,6.666666666666667,0.0,75.21833333333332,0.0,0.8533333333333334,0.0,3387.31,0.0
2022-09-29 11:00:54,1664420454,3464.508333333333,3554.393333333333,6.571666666666666,0.0,74.015,0.0,1.028333333333333,0.0,3357.94,0.0
2022-09-29 11:01:00,1664420460,4624.238333333334,4683.473333333333,6.621666666666666,0.0,74.22500000000001,0.0,361.8183333333333,0.0,3387.345,0.0
2022-09-29 11:01:06,1664420466,5675.791666666667,5714.07,6.683333333333334,0.0,70.595,0.0,692.4183333333334,0.0,3407.7533333333336,0.0
2022-09-29 11:01:12,1664420472,5656.751666666667,5699.201666666667,6.6066666666666665,0.0,71.43666666666667,0.0,691.56,0.0,3392.0533333333333,0.0
2022-09-29 11:01:18,1664420478,5675.941666666667,5712.02,6.326666666666667,0.0,71.66,0.0,691.1,0.0,3412.65,0.0
2022-09-29 11:01:24,1664420484,5663.778333333333,5699.316666666667,6.233333333333333,0.0,72.42666666666668,0.0,689.5783333333334,0.0,3406.5316666666663,0.0
2022-09-29 11:01:30,1664420490,5647.64,5686.830000000001,6.128333333333333,0.0,73.48166666666667,0.0,689.87,0.0,3391.3433333333337,0.0
2022-09-29 11:01:36,1664420496,5638.1016666666665,5681.326666666667,6.425,0.0,73.975,0.0,691.2016666666667,0.0,3380.373333333333,0.0
2022-09-29 11:01:42,1664420502,5575.786666666667,5638.166666666667,6.278333333333333,0.0,74.865,0.0,692.5216666666666,0.0,3316.941666666667,0.0
2022-09-29 11:01:48,1664420508,4303.076666666667,4358.126666666666,6.155,0.0,75.71,0.0,698.6416666666668,0.0,2047.7666666666669,0.0
2022-09-29 11:01:54,1664420514,2260.793333333333,2287.38,6.170000000000001,0.0,73.49,0.0,709.71,0.0,0.0,0.0
2022-09-29 11:02:00,1664420520,2260.7850000000003,2288.3566666666666,6.326666666666667,0.0,75.8,0.0,709.2049999999999,0.0,0.0,0.0
2022-09-29 11:02:06,1664420526,1917.1566666666668,1945.645,6.47,0.0,72.96,0.0,600.2166666666667,0.0,0.0,0.0
2022-09-29 11:02:12,1664420532,88.84333333333332,121.80666666666666,6.288333333333333,0.0,73.345,0.0,12.76,0.0,0.0,0.0
2022-09-29 11:02:18,1664420538,88.92333333333333,121.595,6.371666666666667,0.0,72.48666666666666,0.0,12.983333333333334,0.0,0.0,0.0
2022-09-29 11:02:24,1664420544,17.77,23.736666666666665,6.78,0.0,71.84666666666668,0.0,2.235,0.0,0.0,0.0
2022-09-29 11:02:30,1664420550,0.0,0.0,7.1866666666666665,0.0,72.48166666666667,0.0,0.0,0.0,0.0,0.0
2022-09-29 11:02:36,1664420556,0.0,0.0,7.253333333333333,0.0,76.26,0.0,0.0,0.0,0.0,0.0
2022-09-29 11:02:42,1664420562,0.0,0.0,7.533333333333334,0.0,74.88833333333334,0.0,0.0,0.0,0.0,0.0
2022-09-29 11:02:48,1664420568,0.0,0.0,7.771666666666667,0.0,75.95,0.0,0.0,0.0,0.0,0.0
2022-09-29 11:02:54,1664420574,0.0,0.0,8.135,0.0,78.315,0.0,0.0,0.0,0.0,0.0
2022-09-29 11:03:00,1664420580,0.0,0.0,8.173333333333334,0.0,74.28,0.0,0.0,0.0,0.0,0.0
2022-09-29 11:03:06,1664420586,0.0,0.0,8.049999999999999,0.0,72.76,0.0,0.0,0.0,0.0,0.0
2022-09-29 11:03:12,1664420592,0.0,0.0,8.101666666666667,0.0,72.95666666666666,0.0,0.0,0.0,0.0,0.0
2022-09-29 11:03:18,1664420598,0.0,0.0,7.996666666666666,0.0,73.75,0.0,0.0,0.0,0.0,0.0
2022-09-29 11:03:24,1664420604,0.0,0.0,8.176666666666668,0.0,72.71499999999999,0.0,0.0,0.0,0.0,0.3033333333333333
2022-09-29 11:03:30,1664420610,0.0,0.0,8.215,0.0,72.22333333333333,0.0,0.0,0.0,0.0,536.8733333333333
2022-09-29 11:03:36,1664420616,0.0,0.0,8.216666666666667,0.0,69.36166666666666,0.0,0.0,0.0,0.0,2201.1583333333333
2022-09-29 11:03:42,1664420622,0.0,0.0,8.113333333333333,0.0,69.75666666666667,0.0,0.0,0.0,0.0,2198.1666666666665
2022-09-29 11:03:48,1664420628,0.0,0.0,8.211666666666666,0.0,67.54833333333333,0.0,0.0,0.0,0.0,2198.975
2022-09-29 11:03:54,1664420634,0.0,0.0,8.273333333333333,0.0,68.78166666666667,0.0,0.0,0.0,0.0,2193.851666666667
2022-09-29 11:04:00,1664420640,0.0,0.0,8.248333333333333,0.0,66.92,0.0,0.0,0.0,0.0,2191.6416666666664
2022-09-29 11:04:06,1664420646,0.0,0.0,8.138333333333334,0.0,67.12166666666667,0.0,0.0,0.0,0.0,2185.778333333333
2022-09-29 11:04:12,1664420652,0.0,0.0,8.195,0.0,67.46333333333334,0.0,0.0,0.0,0.0,2181.1383333333333
2022-09-29 11:04:18,1664420658,0.0,0.0,8.151666666666666,0.0,67.19,0.0,0.0,0.0,0.0,2171.938333333333
2022-09-29 11:04:24,1664420664,0.0,0.0,8.093333333333334,0.0,67.945,0.0,0.0,0.0,0.0,2168.615
2022-09-29 11:04:30,1664420670,0.0,0.0,8.073333333333332,0.0,68.675,0.0,0.0,0.0,0.0,2180.813333333333
2022-09-29 11:04:36,1664420676,0.0,0.0,9.581666666666669,0.0,69.63166666666667,0.0,0.0,0.0,0.0,2185.943333333333
2022-09-29 11:04:42,1664420682,0.0,0.0,73.03,0.0,69.44500000000001,0.0,0.0,0.0,0.0,2182.3033333333333
2022-09-29 11:04:48,1664420688,0.0,0.0,85.02,0.0,71.51666666666667,0.0,0.0,0.0,0.0,2179.353333333333
2022-09-29 11:04:54,1664420694,0.0,0.0,80.125,0.0,68.03500000000001,0.0,0.0,0.0,0.0,2172.9
2022-09-29 11:05:00,1664420700,0.0,0.0,75.38666666666667,0.0,67.77,0.0,0.0,0.0,0.0,2162.8416666666667
2022-09-29 11:05:06,1664420706,0.0,0.0,66.26,0.0,67.71,0.0,0.0,0.0,0.0,2156.655
2022-09-29 11:05:12,1664420712,0.0,0.0,64.54333333333334,0.0,67.11999999999999,0.0,0.0,0.0,0.0,2150.778333333333
2022-09-29 11:05:18,1664420718,0.0,0.0,64.615,0.0,65.13333333333334,0.0,0.0,0.0,0.0,2154.2116666666666
2022-09-29 11:05:24,1664420724,0.0,0.0,64.88833333333334,0.0,63.61000000000001,0.0,0.0,0.0,0.0,2151.438333333333
2022-09-29 11:05:30,1664420730,0.0,0.0,63.855,0.0,67.16666666666667,0.0,0.0,0.0,0.0,2150.865
2022-09-29 11:05:36,1664420736,0.0,0.0,63.501666666666665,0.0,65.21666666666667,0.0,0.0,0.0,0.0,2145.273333333333
2022-09-29 11:05:42,1664420742,0.0,0.0,62.805,0.0,63.94166666666666,0.0,0.0,0.0,0.0,2144.306666666667
2022-09-29 11:05:48,1664420748,0.0,0.0,62.54666666666666,0.0,66.75500000000001,0.0,0.0,0.0,0.0,2143.515
2022-09-29 11:05:54,1664420754,0.0,0.0,62.095,0.0,66.21666666666665,0.0,0.0,0.0,0.0,2141.9616666666666
2022-09-29 11:06:00,1664420760,0.0,0.0,61.41166666666667,0.0,60.87833333333333,0.0,0.0,0.0,0.0,2141.21
2022-09-29 11:06:06,1664420766,0.0,0.0,60.42166666666666,0.0,66.87333333333333,0.0,0.0,0.0,0.0,2141.0766666666664
2022-09-29 11:06:12,1664420772,0.0,0.0,59.49,0.0,62.855,0.0,0.0,0.0,0.0,2140.735
2022-09-29 11:06:18,1664420778,0.0,0.0,57.865,0.0,64.62833333333333,0.0,0.0,0.0,0.0,2140.403333333333
2022-09-29 11:06:24,1664420784,0.0,0.0,58.086666666666666,0.0,64.72333333333334,0.0,0.0,0.0,0.0,2143.48
2022-09-29 11:06:30,1664420790,0.0,0.0,58.92166666666666,0.0,61.31166666666667,0.0,0.0,0.0,0.0,2145.1
2022-09-29 11:06:36,1664420796,0.0,0.0,59.53833333333333,0.0,60.555,0.0,0.0,0.0,0.0,2147.28
2022-09-29 11:06:42,1664420802,0.0,0.0,61.54333333333333,0.0,64.19,0.0,0.0,0.0,0.0,2146.0883333333336
2022-09-29 11:06:48,1664420808,0.0,0.0,73.66833333333334,0.0,67.70666666666666,0.0,0.0,0.0,0.0,2141.6616666666664
2022-09-29 11:06:54,1664420814,0.0,0.0,87.02999999999999,0.0,64.20166666666667,0.0,0.0,0.0,0.0,2141.2466666666664
2022-09-29 11:07:00,1664420820,0.0,0.0,96.75333333333332,0.0,60.47166666666666,0.0,0.0,0.0,0.0,2141.295
2022-09-29 11:07:06,1664420826,0.0,0.0,106.79333333333334,0.0,63.85166666666667,0.0,0.0,0.0,0.0,2141.758333333333
2022-09-29 11:07:12,1664420832,0.0,0.0,117.56833333333331,0.0,63.94333333333333,0.0,0.0,0.0,0.0,2140.925
2022-09-29 11:07:18,1664420838,0.0,0.0,121.92333333333332,0.0,64.515,0.0,0.0,0.0,0.0,2142.8866666666668
2022-09-29 11:07:24,1664420844,0.0,0.0,123.55833333333334,0.0,67.17166666666667,0.0,0.0,0.0,0.0,2143.021666666667
2022-09-29 11:07:30,1664420850,0.0,0.0,130.2516666666667,0.0,63.93166666666667,0.0,0.0,0.0,0.0,2141.9516666666664
2022-09-29 11:07:36,1664420856,0.0,0.0,134.455,0.0,64.64999999999999,0.0,0.0,0.0,0.0,2140.725
2022-09-29 11:07:42,1664420862,0.0,0.0,132.34166666666667,0.0,61.11166666666666,0.0,0.0,0.0,0.0,2141.56
2022-09-29 11:07:48,1664420868,0.0,0.0,131.81666666666666,0.0,65.60333333333334,0.0,0.0,0.0,0.0,2144.708333333333
2022-09-29 11:07:54,1664420874,0.0,0.0,132.74,0.0,67.5,0.0,0.0,0.0,0.0,2140.735
2022-09-29 11:08:00,1664420880,0.0,0.0,133.80833333333334,0.0,63.85,0.0,0.0,0.0,0.0,2140.65
2022-09-29 11:08:06,1664420886,0.0,0.0,136.19,0.0,68.42,0.0,0.0,0.0,0.0,575.3166666666667
2022-09-29 11:08:12,1664420892,0.0,0.0,137.07500000000002,0.0,52.86333333333334,0.0,0.0,0.0,0.0,0.0
2022-09-29 11:08:18,1664420898,0.0,0.0,138.03,0.0,35.501666666666665,0.0,0.0,0.0,0.0,0.0
2022-09-29 11:08:24,1664420904,0.0,0.0,137.79833333333332,0.0,35.22666666666667,0.0,0.0,0.0,0.0,0.0
2022-09-29 11:08:30,1664420910,0.0,0.0,138.51166666666666,0.0,35.38666666666666,0.0,0.0,0.0,0.0,0.0
2022-09-29 11:08:36,1664420916,0.0,0.0,139.06166666666667,0.0,34.74166666666667,0.0,0.0,0.0,0.0,0.0
2022-09-29 11:08:42,1664420922,0.0,0.0,139.82500000000002,0.0,34.90833333333333,0.0,0.0,0.0,0.0,0.0
2022-09-29 11:08:48,1664420928,0.0,0.0,139.23,0.0,35.34,0.0,0.0,0.0,0.0,0.0
2022-09-29 11:08:54,1664420934,0.0,0.0,139.525,0.0,35.4,0.0,0.0,0.0,0.0,0.0
2022-09-29 11:09:00,1664420940,0.0,0.0,139.55499999999998,0.0,35.11833333333333,0.0,0.0,0.0,0.0,0.0
2022-09-29 11:09:06,1664420946,0.0,0.0,139.44,0.0,35.22166666666667,0.0,0.0,0.0,0.0,0.0
2022-09-29 11:09:12,1664420952,0.0,0.0,139.73833333333334,0.0,35.07666666666667,0.0,0.0,0.0,0.0,0.0
2022-09-29 11:09:18,1664420958,0.0,0.0,139.7483333333333,0.0,35.01833333333333,0.0,0.0,0.0,0.0,0.0
2022-09-29 11:09:24,1664420964,0.0,0.0,139.765,0.0,35.343333333333334,0.0,0.0,0.0,0.0,0.0
2022-09-29 11:09:30,1664420970,0.0,0.0,139.85666666666663,0.0,35.38333333333333,0.0,0.0,0.0,0.0,0.0
2022-09-29 11:09:36,1664420976,0.0,0.0,139.35333333333332,0.0,35.31333333333333,0.0,0.0,0.0,0.0,0.0
2022-09-29 11:09:42,1664420982,0.0,0.0,140.08833333333334,0.0,35.288333333333334,0.0,0.0,0.0,0.0,0.0
2022-09-29 11:09:48,1664420988,0.0,0.0,139.94,0.0,34.635,0.0,0.0,0.0,0.0,0.0
2022-09-29 11:09:54,1664420994,0.0,0.0,140.34333333333333,0.0,34.516666666666666,0.0,0.0,0.0,0.0,0.0
2022-09-29 11:10:00,1664421000,0.0,0.0,140.06333333333333,0.0,34.45333333333333,0.0,0.0,0.0,0.0,0.0
2022-09-29 11:10:06,1664421006,0.0,0.0,140.275,0.0,34.60166666666667,0.0,0.0,0.0,0.0,0.0
2022-09-29 11:10:12,1664421012,0.0,0.0,140.11166666666668,0.0,35.64666666666667,0.0,0.0,0.0,0.0,0.0
2022-09-29 11:10:18,1664421018,0.0,0.0,140.24333333333334,0.0,142.75833333333333,0.0,0.0,0.0,0.0,0.0
2022-09-29 11:10:24,1664421024,0.0,0.0,140.02,0.0,170.38166666666666,0.0,0.0,0.0,0.0,0.0
2022-09-29 11:10:30,1664421030,0.0,0.0,140.005,0.0,145.00666666666666,0.0,0.0,0.0,0.0,0.0
2022-09-29 11:10:36,1664421036,0.0,0.0,140.33166666666668,0.0,65.15833333333335,0.0,0.0,0.0,0.0,0.0
2022-09-29 11:10:42,1664421042,0.0,0.0,140.44833333333335,0.0,62.8,0.0,0.0,0.0,0.0,0.0
2022-09-29 11:10:48,1664421048,0.0,0.0,140.98833333333332,0.0,61.56666666666666,0.0,0.0,0.0,0.0,0.0
2022-09-29 11:10:54,1664421054,0.0,0.0,140.02666666666667,0.0,61.56666666666666,0.0,0.0,0.0,0.0,0.0
2022-09-29 11:11:00,1664421060,0.0,0.0,141.33666666666667,0.0,141.77333333333334,0.0,0.0,0.0,0.0,0.0
2022-09-29 11:11:06,1664421066,0.0,0.0,140.79666666666665,0.0,71.48333333333333,0.0,0.0,0.0,0.0,0.0
2022-09-29 11:11:12,1664421072,0.0,0.0,141.19833333333335,0.0,76.71666666666667,0.0,0.0,0.0,0.0,0.0
2022-09-29 11:11:18,1664421078,0.0,0.0,141.35166666666666,0.0,77.16666666666667,0.0,0.0,0.0,0.0,0.0
2022-09-29 11:11:24,1664421084,0.0,0.0,141.58666666666667,0.0,76.77,0.0,0.0,0.0,0.0,0.0
2022-09-29 11:11:30,1664421090,0.0,0.0,142.62166666666667,0.0,258.71,0.0,0.0,0.0,0.0,0.0
2022-09-29 11:11:36,1664421096,0.0,0.0,142.02833333333334,0.0,99.245,0.0,0.0,0.0,0.0,0.0
2022-09-29 11:11:42,1664421102,0.0,0.0,142.55833333333334,0.0,115.04833333333332,0.0,0.0,0.0,0.0,0.0
2022-09-29 11:11:48,1664421108,0.0,0.0,142.20000000000002,0.0,113.54166666666669,0.0,0.0,0.0,0.0,0.0
2022-09-29 11:11:54,1664421114,0.0,0.0,142.98,0.0,113.06,0.0,0.0,0.0,0.0,0.0
2022-09-29 11:12:00,1664421120,0.0,0.0,143.315,0.0,112.09666666666664,0.0,0.0,0.0,0.0,0.0
2022-09-29 11:12:06,1664421126,0.0,0.0,143.475,0.0,111.18,0.0,0.0,0.0,0.0,0.0
2022-09-29 11:12:12,1664421132,0.0,0.0,143.165,0.0,110.39833333333333,0.0,0.0,0.0,0.0,0.0
2022-09-29 11:12:18,1664421138,0.0,0.0,142.98166666666663,0.0,110.06,0.0,0.0,0.0,0.0,0.0
2022-09-29 11:12:24,1664421144,0.0,0.0,143.25833333333333,0.0,109.17,0.0,0.0,0.0,0.0,0.0
2022-09-29 11:12:30,1664421150,0.0,0.0,143.285,0.0,70.54166666666667,0.0,0.0,0.0,0.0,0.0
2022-09-29 11:12:36,1664421156,0.0,0.0,143.20833333333334,0.0,34.184999999999995,0.0,0.0,0.0,0.0,0.0
2022-09-29 11:12:42,1664421162,0.0,0.0,143.15166666666667,0.0,33.47833333333333,0.0,0.0,0.0,0.0,0.0
2022-09-29 11:12:48,1664421168,0.0,0.0,145.60333333333332,0.0,33.64666666666667,0.0,0.0,0.0,0.0,0.0
2022-09-29 11:12:54,1664421174,0.0,0.0,144.215,0.0,34.068333333333335,0.0,0.0,0.0,0.0,0.0
2022-09-29 11:13:00,1664421180,0.0,0.0,144.97166666666666,0.0,33.538333333333334,0.0,0.0,0.0,0.0,0.0
2022-09-29 11:13:06,1664421186,0.0,0.0,144.365,0.0,34.305,0.0,0.0,0.0,0.0,0.0
2022-09-29 11:13:12,1664421192,0.0,0.0,144.66833333333332,0.0,35.050000000000004,0.0,0.0,0.0,0.0,0.0
2022-09-29 11:13:18,1664421198,0.0,0.0,144.89,0.0,34.858333333333334,0.0,0.0,0.0,0.0,0.0
2022-09-29 11:13:24,1664421204,0.0,0.0,145.43833333333333,0.0,34.660000000000004,0.0,0.0,0.0,0.0,0.0
2022-09-29 11:13:30,1664421210,0.0,0.0,144.04333333333332,0.0,34.54333333333333,0.0,0.0,0.0,0.0,0.0
2022-09-29 11:13:36,1664421216,0.0,0.0,145.23166666666663,0.0,34.23166666666666,0.0,0.0,0.0,0.0,0.0
2022-09-29 11:13:42,1664421222,0.0,0.0,143.4466666666667,0.0,33.781666666666666,0.0,0.0,0.0,0.0,0.0
2022-09-29 11:13:48,1664421228,0.0,0.0,145.13833333333332,0.0,33.848333333333336,0.0,0.0,0.0,0.0,0.0
2022-09-29 11:13:54,1664421234,0.0,0.0,144.58333333333334,0.0,34.15333333333333,0.0,0.0,0.0,0.0,0.0
2022-09-29 11:14:00,1664421240,0.0,0.0,145.20333333333335,0.0,34.14,0.0,0.0,0.0,0.0,0.0
2022-09-29 11:14:06,1664421246,0.0,0.0,145.07166666666666,0.0,33.943333333333335,0.0,0.0,0.0,0.0,0.0
2022-09-29 11:14:12,1664421252,0.0,0.0,145.27166666666668,0.0,33.98166666666666,0.0,0.0,0.0,0.0,0.0
2022-09-29 11:14:18,1664421258,0.0,0.0,146.36666666666667,0.0,34.22666666666667,0.0,0.0,0.0,0.0,0.0
2022-09-29 11:14:24,1664421264,0.0,0.0,145.4,0.0,33.605,0.0,0.0,0.0,0.0,0.0
2022-09-29 11:14:30,1664421270,0.0,0.0,145.60166666666666,0.0,33.998333333333335,0.0,0.0,0.0,0.0,0.0
2022-09-29 11:14:36,1664421276,0.0,0.0,145.86333333333334,0.0,34.531666666666666,0.0,0.0,0.0,0.0,0.0
2022-09-29 11:14:42,1664421282,0.0,0.0,145.065,0.0,34.693333333333335,0.0,0.0,0.0,0.0,0.0
2022-09-29 11:14:48,1664421288,0.0,0.0,148.445,0.0,34.98833333333334,0.0,0.0,0.0,0.0,0.0
2022-09-29 11:14:54,1664421294,0.0,0.0,147.9283333333333,0.0,35.23833333333334,0.0,0.0,0.0,0.0,0.0
2022-09-29 11:15:00,1664421300,0.0,0.0,146.33,0.0,34.531666666666666,0.0,0.0,0.0,0.0,0.0
2022-09-29 11:15:06,1664421306,0.0,0.0,145.76333333333335,0.0,34.535000000000004,0.0,0.0,0.0,0.0,0.0
2022-09-29 11:15:12,1664421312,0.0,0.0,145.60333333333332,0.0,34.596666666666664,0.0,0.0,0.0,0.0,0.0
2022-09-29 11:15:18,1664421318,0.0,0.0,145.795,0.0,34.98166666666667,0.0,0.0,0.0,0.0,0.0
2022-09-29 11:15:24,1664421324,0.0,0.0,146.40166666666667,0.0,34.735,0.0,0.0,0.0,0.0,0.0
2022-09-29 11:15:30,1664421330,0.0,0.0,145.82833333333335,0.0,34.946666666666665,0.0,0.0,0.0,0.0,0.0
2022-09-29 11:15:36,1664421336,0.0,0.0,145.93,0.0,34.865,0.0,0.0,0.0,0.0,0.0
2022-09-29 11:15:42,1664421342,0.0,0.0,145.60833333333332,0.0,34.678333333333335,0.0,0.0,0.0,0.0,0.0
2022-09-29 11:15:48,1664421348,0.0,0.0,145.74,0.0,34.34833333333333,0.0,0.0,0.0,0.0,0.0
2022-09-29 11:15:54,1664421354,0.0,0.0,145.73999999999998,0.0,34.42333333333333,0.0,0.0,0.0,0.0,0.0
2022-09-29 11:16:00,1664421360,0.0,0.0,146.1,0.0,34.821666666666665,0.0,0.0,0.0,0.0,0.0
2022-09-29 11:16:06,1664421366,0.0,0.0,145.61,0.0,34.836666666666666,0.0,0.0,0.0,0.0,0.0
2022-09-29 11:16:12,1664421372,0.0,0.0,145.92166666666665,0.0,34.735,0.0,0.0,0.0,0.0,0.0
2022-09-29 11:16:18,1664421378,0.0,0.0,146.03833333333333,0.0,19.73,0.0,0.0,0.0,0.0,0.0
2022-09-29 11:16:24,1664421384,0.0,0.0,146.1,0.0,19.635,0.0,0.0,0.0,0.0,0.0
2022-09-29 11:16:30,1664421390,0.0,0.0,146.45000000000002,0.0,19.48,0.0,0.0,0.0,0.0,0.0
2022-09-29 11:16:36,1664421396,0.0,0.0,146.18666666666667,0.0,19.32333333333333,0.0,0.0,0.0,0.0,0.0
2022-09-29 11:16:42,1664421402,0.0,0.0,146.625,0.0,19.475,0.0,0.0,0.0,0.0,0.0
2022-09-29 11:16:48,1664421408,0.0,0.0,146.365,0.0,19.65833333333333,0.0,0.0,0.0,0.0,0.0
2022-09-29 11:16:54,1664421414,0.0,0.0,146.45666666666668,0.0,19.611666666666668,0.0,0.0,0.0,0.0,0.205
2022-09-29 11:17:00,1664421420,0.0,0.0,146.52333333333334,0.0,19.58333333333333,0.0,0.0,0.0,0.0,12.12
2022-09-29 11:17:06,1664421426,0.0,0.0,146.4,0.0,16.978333333333335,0.0,0.0,0.0,0.0,2119.08
2022-09-29 11:17:12,1664421432,0.0,0.0,146.32666666666668,0.0,16.835,0.0,0.0,0.0,0.0,2179.065
2022-09-29 11:17:18,1664421438,0.0,0.0,146.67999999999998,0.0,16.911666666666665,0.0,0.0,0.0,0.0,2167.036666666667
2022-09-29 11:17:24,1664421444,0.0,0.0,146.18833333333333,0.0,16.926666666666666,0.0,0.0,0.0,0.0,2163.72
2022-09-29 11:17:30,1664421450,0.0,0.0,146.86666666666667,0.0,16.866666666666667,0.0,0.0,0.0,0.0,2156.563333333333
2022-09-29 11:17:36,1664421456,0.0,0.0,146.77333333333334,0.0,16.941666666666666,0.0,0.0,0.0,0.0,2151.633333333333
2022-09-29 11:17:42,1664421462,0.0,0.0,144.915,0.0,16.878333333333334,0.0,0.0,0.0,0.0,2139.435
2022-09-29 11:17:48,1664421468,0.0,0.0,138.70166666666668,0.0,16.974999999999998,0.0,0.0,0.0,0.0,2138.665
2022-09-29 11:17:54,1664421474,0.0,0.0,134.985,0.0,38.18333333333334,0.0,0.0,0.0,0.0,2128.9733333333334
2022-09-29 11:18:00,1664421480,0.0,0.0,132.27333333333334,0.0,58.31333333333333,0.0,0.0,0.0,0.0,2134.8016666666667
2022-09-29 11:18:06,1664421486,0.0,0.0,130.61333333333334,0.0,61.51833333333334,0.0,0.0,0.0,0.0,2144.195
2022-09-29 11:18:12,1664421492,0.0,0.0,131.53333333333333,0.0,60.68166666666667,0.0,0.0,0.0,0.0,2141.6283333333336
2022-09-29 11:18:18,1664421498,0.0,0.0,132.22166666666666,0.0,60.99666666666667,0.0,0.0,0.0,0.0,2137.5866666666666
2022-09-29 11:18:24,1664421504,0.0,0.0,134.405,0.0,60.56,0.0,0.0,0.0,0.0,2136.09
2022-09-29 11:18:30,1664421510,0.0,0.0,136.15833333333333,0.0,58.84666666666666,0.0,0.0,0.0,0.0,2133.276666666666
2022-09-29 11:18:36,1664421516,0.0,0.0,137.11833333333334,0.0,58.42,0.0,0.0,0.0,0.0,2132.6
2022-09-29 11:18:42,1664421522,0.0,0.0,138.73,0.0,58.39166666666667,0.0,0.0,0.0,0.0,2132.2883333333334
2022-09-29 11:18:48,1664421528,0.0,0.0,140.23833333333334,0.0,59.00333333333333,0.0,0.0,0.0,0.0,2127.3083333333334
2022-09-29 11:18:54,1664421534,0.0,0.0,140.88,0.0,59.215,0.0,0.0,0.0,0.0,2130.1116666666667
2022-09-29 11:19:00,1664421540,0.0,0.0,141.895,0.0,61.053333333333335,0.0,0.0,0.0,0.0,2126.0816666666665
2022-09-29 11:19:06,1664421546,0.0,0.0,142.36,0.0,61.50333333333333,0.0,0.0,0.0,0.0,2125.2133333333336
2022-09-29 11:19:12,1664421552,0.0,0.0,140.91166666666666,0.0,61.01,0.0,0.0,0.0,0.0,2126.715
2022-09-29 11:19:18,1664421558,0.0,0.0,141.16333333333333,0.0,60.98166666666666,0.0,0.0,0.0,0.0,2124.27
2022-09-29 11:19:24,1664421564,0.0,0.0,142.52166666666668,0.0,59.178333333333335,0.0,0.0,0.0,0.0,2124.148333333333
2022-09-29 11:19:30,1664421570,0.0,0.0,147.28833333333333,0.0,58.86833333333334,0.0,0.0,0.0,0.0,2122.615
2022-09-29 11:19:36,1664421576,0.0,0.0,154.24166666666667,0.0,58.83833333333333,0.0,0.0,0.0,0.0,2124.105
2022-09-29 11:19:42,1664421582,0.0,0.0,148.04666666666665,0.0,59.055,0.0,0.0,0.0,0.0,2128.135
2022-09-29 11:19:48,1664421588,0.0,0.0,145.57333333333332,0.0,59.723333333333336,0.0,0.0,0.0,0.0,2128.6600000000003
2022-09-29 11:19:54,1664421594,0.0,0.0,144.35,0.0,62.08833333333334,0.0,0.0,0.0,0.0,2128.185
2022-09-29 11:20:00,1664421600,0.0,0.0,146.13666666666666,0.0,51.30833333333334,0.0,0.0,0.0,0.0,2128.4483333333333
2022-09-29 11:20:06,1664421606,0.0,0.0,152.83,0.0,54.16166666666667,0.0,0.0,0.0,0.0,2128.745
2022-09-29 11:20:12,1664421612,0.0,0.0,149.495,0.0,56.20333333333334,0.0,0.0,0.0,0.0,2123.0716666666667
2022-09-29 11:20:18,1664421618,0.0,0.0,145.11166666666665,0.0,55.84166666666667,0.0,0.0,0.0,0.0,2120.93
2022-09-29 11:20:24,1664421624,0.0,0.0,143.42999999999998,0.0,53.19833333333333,0.0,0.0,0.0,0.0,2125.431666666667
2022-09-29 11:20:30,1664421630,0.0,0.0,144.00833333333333,0.0,57.95666666666667,0.0,0.0,0.0,0.0,2124.3216666666667
2022-09-29 11:20:36,1664421636,0.0,0.0,142.64666666666668,0.0,54.40166666666666,0.0,0.0,0.0,0.0,2122.6316666666667
2022-09-29 11:20:42,1664421642,0.0,0.0,140.93833333333333,0.0,58.18166666666667,0.0,0.0,0.0,0.0,2122.615
2022-09-29 11:20:48,1664421648,0.0,0.0,142.65666666666667,0.0,58.65166666666666,0.0,0.0,0.0,0.0,2124.3716666666664
2022-09-29 11:20:54,1664421654,0.0,0.0,143.46166666666667,0.0,34.79,0.0,0.0,0.0,0.0,2126.583333333333
2022-09-29 11:21:00,1664421660,0.0,0.0,143.99333333333334,0.0,17.415,0.0,0.0,0.0,0.0,2123.6266666666666
2022-09-29 11:21:06,1664421666,0.0,0.0,144.85,0.0,17.31,0.0,0.0,0.0,0.0,2122.6666666666665
2022-09-29 11:21:12,1664421672,0.0,0.0,145.32833333333335,0.0,17.32166666666667,0.0,0.0,0.0,0.0,2120.41
2022-09-29 11:21:18,1664421678,0.0,0.0,146.5016666666667,0.0,17.345,0.0,0.0,0.0,0.0,2115.1966666666667
2022-09-29 11:21:24,1664421684,0.0,0.0,147.16,0.0,17.346666666666668,0.0,0.0,0.0,0.0,2115.6766666666667
2022-09-29 11:21:30,1664421690,0.0,0.0,147.96,0.0,17.376666666666665,0.0,0.0,0.0,0.0,2114.6216666666664
2022-09-29 11:21:36,1664421696,0.0,0.0,148.45666666666668,0.0,17.396666666666665,0.0,0.0,0.0,0.0,2113.61
2022-09-29 11:21:42,1664421702,0.0,0.0,149.14,0.0,17.415000000000003,0.0,0.0,0.0,0.0,2116.066666666667
2022-09-29 11:21:48,1664421708,0.0,0.0,149.90166666666667,0.0,17.30666666666667,0.0,0.0,0.0,0.0,2116.6383333333333
2022-09-29 11:21:54,1664421714,0.0,0.0,150.0,0.0,17.308333333333334,0.0,0.0,0.0,0.0,2116.93
2022-09-29 11:22:00,1664421720,0.0,0.0,150.225,0.0,17.356666666666666,0.0,0.0,0.0,0.0,2118.093333333333
2022-09-29 11:22:06,1664421726,0.0,0.0,150.155,0.0,17.348333333333333,0.0,0.0,0.0,0.0,2116.9166666666665
2022-09-29 11:22:12,1664421732,0.0,0.0,150.81666666666666,0.0,17.333333333333332,0.0,0.0,0.0,0.0,2118.7033333333334
2022-09-29 11:22:18,1664421738,0.0,0.0,150.57333333333335,0.0,17.271666666666665,0.0,0.0,0.0,0.0,2112.333333333333
2022-09-29 11:22:24,1664421744,0.0,0.0,151.20833333333334,0.0,17.266666666666666,0.0,0.0,0.0,0.0,2116.2033333333334
2022-09-29 11:22:30,1664421750,0.0,0.0,152.26166666666668,0.0,17.30666666666667,0.0,0.0,0.0,0.0,2114.03
2022-09-29 11:22:36,1664421756,0.0,0.0,152.825,0.0,17.348333333333333,0.0,0.0,0.0,0.0,2114.343333333333
2022-09-29 11:22:42,1664421762,0.0,0.0,153.1783333333333,0.0,17.371666666666666,0.0,0.0,0.0,0.0,2116.1716666666666
2022-09-29 11:22:48,1664421768,0.0,0.0,153.4283333333333,0.0,17.3,0.0,0.0,0.0,0.0,2114.685
2022-09-29 11:22:54,1664421774,0.0,0.0,159.50833333333333,0.0,17.228333333333335,0.0,0.0,0.0,0.0,2112.5333333333333
2022-09-29 11:23:00,1664421780,0.0,0.0,167.89833333333334,0.0,17.323333333333334,0.0,0.0,0.0,0.0,2113.385
2022-09-29 11:23:06,1664421786,0.0,0.0,172.24666666666667,0.0,120.50833333333333,0.0,0.0,0.0,0.0,2112.161666666667
2022-09-29 11:23:12,1664421792,0.0,0.0,174.81166666666664,0.0,161.59833333333333,0.0,0.0,0.0,0.0,2109.4950000000003
2022-09-29 11:23:18,1664421798,0.0,0.0,174.75833333333333,0.0,141.95666666666668,0.0,0.0,0.0,0.0,2112.16
2022-09-29 11:23:24,1664421804,0.0,0.0,173.79,0.0,55.36000000000001,0.0,0.0,0.0,0.0,2108.9733333333334
2022-09-29 11:23:30,1664421810,0.0,0.0,170.77166666666668,0.0,52.51833333333334,0.0,0.0,0.0,0.0,2110.22
2022-09-29 11:23:36,1664421816,0.0,0.0,167.76000000000002,0.0,52.251666666666665,0.0,0.0,0.0,0.0,2119.085
2022-09-29 11:23:42,1664421822,0.0,0.0,165.67,0.0,51.62166666666667,0.0,0.0,0.0,0.0,2117.265
2022-09-29 11:23:48,1664421828,0.0,0.0,163.29666666666665,0.0,135.40333333333334,0.0,0.0,0.0,0.0,2120.708333333333
2022-09-29 11:23:54,1664421834,0.0,0.0,161.93666666666667,0.0,55.25333333333333,0.0,0.0,0.0,0.0,2121.7916666666665
2022-09-29 11:24:00,1664421840,0.0,0.0,161.57,0.0,66.75333333333333,0.0,0.0,0.0,0.0,2118.585
2022-09-29 11:24:06,1664421846,0.0,0.0,158.23166666666663,0.0,66.64833333333333,0.0,0.0,0.0,0.0,2121.405
2022-09-29 11:24:12,1664421852,0.0,0.0,150.98166666666663,0.0,66.98,0.0,0.0,0.0,0.0,1044.9816666666668
2022-09-29 11:24:18,1664421858,0.0,0.0,146.3033333333333,0.0,224.865,0.0,0.0,0.0,0.0,12.543333333333337
2022-09-29 11:24:24,1664421864,0.0,0.0,143.63833333333335,0.0,112.83666666666666,0.0,0.0,0.0,0.0,0.0
2022-09-29 11:24:30,1664421870,0.0,0.0,142.91166666666666,0.0,109.215,0.0,0.0,0.0,0.0,0.0
2022-09-29 11:24:36,1664421876,0.0,0.0,143.46666666666667,0.0,106.18,0.0,0.0,0.0,0.0,0.0
2022-09-29 11:24:42,1664421882,0.0,0.0,144.11333333333332,0.0,105.055,0.0,0.0,0.0,0.0,0.0
2022-09-29 11:24:48,1664421888,0.0,0.0,146.0583333333333,0.0,104.785,0.0,0.0,0.0,0.0,0.0
2022-09-29 11:24:54,1664421894,0.0,0.0,147.68,0.0,104.01833333333332,0.0,0.0,0.0,0.0,0.0
2022-09-29 11:25:00,1664421900,0.0,0.0,149.05833333333334,0.0,103.51333333333334,0.0,0.0,0.0,0.0,0.0
2022-09-29 11:25:06,1664421906,0.0,0.0,150.56833333333333,0.0,103.30333333333334,0.0,0.0,0.0,0.0,0.0
2022-09-29 11:25:12,1664421912,0.0,0.0,151.66333333333333,0.0,102.73,0.0,0.0,0.0,0.0,0.0
2022-09-29 11:25:18,1664421918,0.0,0.0,152.48999999999998,0.0,69.78833333333334,0.0,0.0,0.0,0.0,0.0
2022-09-29 11:25:24,1664421924,0.0,0.0,153.51333333333332,0.0,20.078333333333333,0.0,0.0,0.0,0.0,0.0
2022-09-29 11:25:30,1664421930,0.0,0.0,154.025,0.0,19.981666666666666,0.0,0.0,0.0,0.0,0.0
2022-09-29 11:25:36,1664421936,0.0,0.0,154.655,0.0,20.091666666666665,0.0,0.0,0.0,0.0,0.0
2022-09-29 11:25:42,1664421942,0.0,0.0,155.485,0.0,20.148333333333333,0.0,0.0,0.0,0.0,0.0
2022-09-29 11:25:48,1664421948,0.0,0.0,155.52333333333334,0.0,20.081666666666667,0.0,0.0,0.0,0.0,0.0
2022-09-29 11:25:54,1664421954,0.0,0.0,155.34666666666666,0.0,20.206666666666667,0.0,0.0,0.0,0.0,0.0
2022-09-29 11:26:00,1664421960,0.0,0.0,155.55833333333334,0.0,19.27,0.0,0.0,0.0,0.0,0.0
2022-09-29 11:26:06,1664421966,0.0,0.0,155.705,0.0,20.81,0.0,0.0,0.0,0.0,0.0
2022-09-29 11:26:12,1664421972,0.0,0.0,155.51166666666668,0.0,21.046666666666667,0.0,0.0,0.0,0.0,0.0
2022-09-29 11:26:18,1664421978,0.0,0.0,155.93666666666667,0.0,21.04833333333333,0.0,0.0,0.0,0.0,0.0
2022-09-29 11:26:24,1664421984,0.0,0.0,155.535,0.0,20.295,0.0,0.0,0.0,0.0,0.0
2022-09-29 11:26:30,1664421990,0.0,0.0,155.45666666666668,0.0,19.618333333333336,0.0,0.0,0.0,0.0,0.0
2022-09-29 11:26:36,1664421996,0.0,0.0,155.44833333333335,0.0,19.65,0.0,0.0,0.0,0.0,0.0
2022-09-29 11:26:42,1664422002,0.0,0.0,155.26166666666668,0.0,19.991666666666667,0.0,0.0,0.0,0.0,0.0
2022-09-29 11:26:48,1664422008,0.0,0.0,155.11166666666668,0.0,20.953333333333333,0.0,0.0,0.0,0.0,0.0
2022-09-29 11:26:54,1664422014,0.0,0.0,155.22333333333333,0.0,21.025,0.0,0.0,0.0,0.0,0.0
2022-09-29 11:27:00,1664422020,0.0,0.0,154.60333333333332,0.0,20.956666666666667,0.0,0.0,0.0,0.0,0.0
2022-09-29 11:27:06,1664422026,0.0,0.0,154.48833333333332,0.0,19.791666666666668,0.0,0.0,0.0,0.0,0.0
2022-09-29 11:27:12,1664422032,0.0,0.0,154.67666666666668,0.0,19.835,0.0,0.0,0.0,0.0,0.0
2022-09-29 11:27:18,1664422038,0.0,0.0,154.235,0.0,19.875,0.0,0.0,0.0,0.0,0.0
2022-09-29 11:27:24,1664422044,0.0,0.0,154.38333333333333,0.0,20.561666666666667,0.0,0.0,0.0,0.0,0.0
2022-09-29 11:27:30,1664422050,0.0,0.0,154.185,0.0,20.81,0.0,0.0,0.0,0.0,0.0
2022-09-29 11:27:36,1664422056,0.0,0.0,154.2483333333333,0.0,20.405,0.0,0.0,0.0,0.0,0.0
2022-09-29 11:27:42,1664422062,0.0,0.0,153.285,0.0,20.313333333333333,0.0,0.0,0.0,0.0,0.0
2022-09-29 11:27:48,1664422068,0.0,0.0,152.195,0.0,19.81,0.0,0.0,0.0,0.0,0.0
2022-09-29 11:27:54,1664422074,0.0,0.0,152.25666666666666,0.0,19.78833333333333,0.0,0.0,0.0,0.0,0.0
2022-09-29 11:28:00,1664422080,0.0,0.0,154.64333333333337,0.0,19.795,0.0,0.0,0.0,0.0,0.0
2022-09-29 11:28:06,1664422086,0.0,0.0,158.04833333333332,0.0,19.861666666666668,0.0,0.0,0.0,0.0,0.0
2022-09-29 11:28:12,1664422092,0.0,0.0,159.69666666666666,0.0,19.831666666666667,0.0,0.0,0.0,0.0,0.0
2022-09-29 11:28:18,1664422098,0.0,0.0,156.47666666666666,0.0,19.855,0.0,0.0,0.0,0.0,0.0
2022-09-29 11:28:24,1664422104,0.0,0.0,155.1966666666667,0.0,19.916666666666668,0.0,0.0,0.0,0.0,0.0
2022-09-29 11:28:30,1664422110,0.0,0.0,155.3733333333333,0.0,19.846666666666668,0.0,0.0,0.0,0.0,0.0
2022-09-29 11:28:36,1664422116,0.0,0.0,162.22666666666666,0.0,19.745,0.0,0.0,0.0,0.0,0.0
2022-09-29 11:28:42,1664422122,0.0,0.0,168.83833333333334,0.0,19.53833333333333,0.0,0.0,0.0,0.0,0.0
2022-09-29 11:28:48,1664422128,0.0,0.0,173.56500000000003,0.0,19.555,0.0,0.0,0.0,0.0,0.0
2022-09-29 11:28:54,1664422134,0.0,0.0,177.43499999999997,0.0,19.725,0.0,0.0,0.0,0.0,0.0
2022-09-29 11:29:00,1664422140,0.0,0.0,179.13,0.0,19.67333333333333,0.0,0.0,0.0,0.0,0.0
2022-09-29 11:29:06,1664422146,0.0,0.0,180.17166666666665,0.0,19.851666666666667,0.0,0.0,0.0,0.0,0.0
2022-09-29 11:29:12,1664422152,0.0,0.0,179.745,0.0,19.63833333333333,0.0,0.0,0.0,0.0,0.0
2022-09-29 11:29:18,1664422158,0.0,0.0,178.71166666666667,0.0,19.75333333333333,0.0,0.0,0.0,0.0,0.0
2022-09-29 11:29:24,1664422164,0.0,0.0,177.09666666666666,0.0,19.916666666666668,0.0,0.0,0.0,0.0,0.0
2022-09-29 11:29:30,1664422170,0.0,0.0,177.0716666666667,0.0,20.031666666666663,0.0,0.0,0.0,0.0,0.0
2022-09-29 11:29:36,1664422176,0.0,0.0,177.31333333333336,0.0,19.973333333333333,0.0,0.0,0.0,0.0,0.0
2022-09-29 11:29:42,1664422182,0.0,0.0,178.39499999999998,0.0,19.991666666666664,0.0,0.0,0.0,0.0,0.0
2022-09-29 11:29:48,1664422188,0.0,0.0,178.91166666666666,0.0,19.995,0.0,0.0,0.0,0.0,0.0
2022-09-29 11:29:54,1664422194,0.0,0.0,179.9416666666667,0.0,20.01333333333333,0.0,0.0,0.0,0.0,0.0
2022-09-29 11:30:00,1664422200,0.0,0.0,180.33666666666667,0.0,20.133333333333333,0.0,0.0,0.0,0.0,0.0
2022-09-29 11:30:06,1664422206,0.0,0.0,181.21666666666667,0.0,20.051666666666662,0.0,0.0,0.0,0.0,0.0
2022-09-29 11:30:12,1664422212,0.0,0.0,181.785,0.0,20.09,0.0,0.0,0.0,0.0,0.0
2022-09-29 11:30:18,1664422218,0.0,0.0,182.53,0.0,20.07333333333333,0.0,0.0,0.0,0.0,0.0
2022-09-29 11:30:24,1664422224,0.0,0.0,183.15166666666667,0.0,20.168333333333333,0.0,0.0,0.0,0.0,0.0
2022-09-29 11:30:30,1664422230,0.0,0.0,183.2133333333333,0.0,20.111666666666665,0.0,0.0,0.0,0.0,0.0
2022-09-29 11:30:36,1664422236,0.0,0.0,183.68833333333336,0.0,20.14,0.0,0.0,0.0,0.0,0.0
2022-09-29 11:30:42,1664422242,0.0,0.0,183.97333333333336,0.0,20.186666666666667,0.0,0.0,0.0,0.0,0.0
2022-09-29 11:30:48,1664422248,0.0,0.0,183.76166666666663,0.0,20.155,0.0,0.0,0.0,0.0,0.0
2022-09-29 11:30:54,1664422254,0.0,0.0,184.13666666666663,0.0,41.98333333333333,0.0,0.0,0.0,0.0,0.0
2022-09-29 11:31:00,1664422260,0.0,0.0,183.67666666666665,0.0,63.32,0.0,0.0,0.0,0.0,0.0
2022-09-29 11:31:06,1664422266,0.0,0.0,183.80166666666665,0.0,64.99,0.0,0.0,0.0,0.0,0.0
2022-09-29 11:31:12,1664422272,0.0,0.0,184.22,0.0,62.305,0.0,0.0,0.0,0.0,0.0
2022-09-29 11:31:18,1664422278,0.0,0.0,183.92166666666665,0.0,61.06999999999999,0.0,0.0,0.0,0.0,0.0
2022-09-29 11:31:24,1664422284,0.0,0.0,183.97333333333333,0.0,60.71666666666666,0.0,0.0,0.0,0.0,0.0
2022-09-29 11:31:30,1664422290,0.0,0.0,184.1383333333333,0.0,60.25333333333333,0.0,0.0,0.0,0.0,0.0
2022-09-29 11:31:36,1664422296,0.0,0.0,184.2483333333333,0.0,61.94,0.0,0.0,0.0,0.0,0.0
2022-09-29 11:31:42,1664422302,0.0,0.0,184.46,0.0,62.06333333333333,0.0,0.0,0.0,0.0,0.0
2022-09-29 11:31:48,1664422308,0.0,0.0,184.2733333333333,0.0,63.71666666666667,0.0,0.0,0.0,0.0,0.0
2022-09-29 11:31:54,1664422314,0.0,0.0,184.4,0.0,64.22666666666667,0.0,0.0,0.0,0.0,0.0
2022-09-29 11:32:00,1664422320,0.0,0.0,184.74166666666667,0.0,62.821666666666665,0.0,0.0,0.0,0.0,0.0
2022-09-29 11:32:06,1664422326,0.0,0.0,184.78833333333333,0.0,63.84,0.0,0.0,0.0,0.0,0.0
2022-09-29 11:32:12,1664422332,0.0,0.0,184.55,0.0,60.923333333333325,0.0,0.0,0.0,0.0,0.0
2022-09-29 11:32:18,1664422338,0.0,0.0,184.97333333333333,0.0,61.40833333333333,0.0,0.0,0.0,0.0,0.0
2022-09-29 11:32:24,1664422344,0.0,0.0,184.925,0.0,61.335,0.0,0.0,0.0,0.0,0.0
2022-09-29 11:32:30,1664422350,0.0,0.0,185.2683333333333,0.0,60.86333333333334,0.0,0.0,0.0,0.0,0.0
2022-09-29 11:32:36,1664422356,0.0,0.0,185.54,0.0,62.175,0.0,0.0,0.0,0.0,0.0
2022-09-29 11:32:42,1664422362,0.0,0.0,185.82333333333327,0.0,64.14166666666667,0.0,0.0,0.0,0.0,0.0
2022-09-29 11:32:48,1664422368,0.0,0.0,186.335,0.0,65.445,0.0,0.0,0.0,0.0,0.0
2022-09-29 11:32:54,1664422374,0.0,0.0,186.28,0.0,59.1,0.0,0.0,0.0,0.0,0.0
2022-09-29 11:33:00,1664422380,0.0,0.0,186.4933333333333,0.0,58.73166666666666,0.0,0.0,0.0,0.0,0.0
2022-09-29 11:33:06,1664422386,0.0,0.0,186.2633333333333,0.0,53.535,0.0,0.0,0.0,0.0,0.0
2022-09-29 11:33:12,1664422392,0.0,0.0,186.11166666666668,0.0,54.56666666666666,0.0,0.0,0.0,0.0,0.0
2022-09-29 11:33:18,1664422398,0.0,0.0,186.23666666666668,0.0,58.53833333333333,0.0,0.0,0.0,0.0,0.0
2022-09-29 11:33:24,1664422404,0.0,0.0,186.32,0.0,56.406666666666666,0.0,0.0,0.0,0.0,0.0
2022-09-29 11:33:30,1664422410,0.0,0.0,186.54166666666663,0.0,60.97166666666666,0.0,0.0,0.0,0.0,0.0
2022-09-29 11:33:36,1664422416,0.0,0.0,186.41333333333333,0.0,59.70666666666667,0.0,0.0,0.0,0.0,0.0
2022-09-29 11:33:42,1664422422,0.0,0.0,186.795,0.0,56.623333333333335,0.0,0.0,0.0,0.0,0.0
2022-09-29 11:33:48,1664422428,0.0,0.0,187.2733333333333,0.0,60.943333333333335,0.0,0.0,0.0,0.0,0.0
2022-09-29 11:33:54,1664422434,0.0,0.0,188.05500000000004,0.0,34.915,0.0,0.0,0.0,0.0,0.0
2022-09-29 11:34:00,1664422440,0.0,0.0,187.68500000000003,0.0,19.906666666666663,0.0,0.0,0.0,0.0,0.0
2022-09-29 11:34:06,1664422446,0.0,0.0,187.4583333333333,0.0,19.62833333333333,0.0,0.0,0.0,0.0,0.0
2022-09-29 11:34:12,1664422452,0.0,0.0,188.3083333333333,0.0,19.7,0.0,0.0,0.0,0.0,0.0
2022-09-29 11:34:18,1664422458,0.0,0.0,188.60666666666663,0.0,19.941666666666663,0.0,0.0,0.0,0.0,0.0
2022-09-29 11:34:24,1664422464,0.0,0.0,188.37,0.0,19.816666666666663,0.0,0.0,0.0,0.0,0.0
2022-09-29 11:34:30,1664422470,0.0,0.0,187.93500000000003,0.0,19.83833333333333,0.0,0.0,0.0,0.0,0.0
2022-09-29 11:34:36,1664422476,0.0,0.0,184.945,0.0,19.796666666666667,0.0,0.0,0.0,0.0,0.0
2022-09-29 11:34:42,1664422482,0.0,0.0,179.475,0.0,19.746666666666663,0.0,0.0,0.0,0.0,0.0
2022-09-29 11:34:48,1664422488,0.0,0.0,176.85666666666663,0.0,19.73333333333333,0.0,0.0,0.0,0.0,0.0
2022-09-29 11:34:54,1664422494,0.0,0.0,175.19500000000002,0.0,19.703333333333333,0.0,0.0,0.0,0.0,0.0
2022-09-29 11:35:00,1664422500,0.0,0.0,173.035,0.0,19.703333333333333,0.0,0.0,0.0,0.0,0.0
2022-09-29 11:35:06,1664422506,0.0,0.0,171.64499999999998,0.0,19.791666666666668,0.0,0.0,0.0,0.0,0.0
2022-09-29 11:35:12,1664422512,0.0,0.0,170.59166666666667,0.0,19.82166666666667,0.0,0.0,0.0,0.0,0.0
2022-09-29 11:35:18,1664422518,0.0,0.0,169.91333333333333,0.0,19.80333333333333,0.0,0.0,0.0,0.0,0.0
2022-09-29 11:35:24,1664422524,0.0,0.0,167.90666666666667,0.0,19.585,0.0,0.0,0.0,0.0,0.0
2022-09-29 11:35:30,1664422530,0.0,0.0,167.12166666666667,0.0,19.77,0.0,0.0,0.0,0.0,0.0
2022-09-29 11:35:36,1664422536,0.0,0.0,165.64166666666665,0.0,19.63,0.0,0.0,0.0,0.0,0.0
2022-09-29 11:35:42,1664422542,0.0,0.0,164.04166666666666,0.0,19.63,0.0,0.0,0.0,0.0,0.0
2022-09-29 11:35:48,1664422548,0.0,0.0,163.06833333333333,0.0,19.70833333333333,0.0,0.0,0.0,0.0,0.0
2022-09-29 11:35:54,1664422554,0.0,0.0,161.91,0.0,19.703333333333333,0.0,0.0,0.0,0.0,0.0
2022-09-29 11:36:00,1664422560,0.0,0.0,160.505,0.0,23.076666666666664,0.0,0.0,0.0,0.0,0.0
2022-09-29 11:36:06,1664422566,0.0,0.0,159.97666666666666,0.0,154.93166666666667,0.0,0.0,0.0,0.0,0.0
2022-09-29 11:36:12,1664422572,0.0,0.0,158.68666666666667,0.0,192.38166666666663,0.0,0.0,0.0,0.0,0.0
2022-09-29 11:36:18,1664422578,0.0,0.0,158.49333333333334,0.0,88.94166666666666,0.0,0.0,0.0,0.0,0.0
2022-09-29 11:36:24,1664422584,0.0,0.0,157.37833333333333,0.0,51.59666666666666,0.0,0.0,0.0,0.0,0.0
2022-09-29 11:36:30,1664422590,0.0,0.0,156.42333333333332,0.0,52.23499999999999,0.0,0.0,0.0,0.0,0.0
2022-09-29 11:36:36,1664422596,0.0,0.0,155.61166666666668,0.0,51.92666666666667,0.0,0.0,0.0,0.0,0.0
2022-09-29 11:36:42,1664422602,0.0,0.0,154.9,0.0,51.86166666666667,0.0,0.0,0.0,0.0,0.0
2022-09-29 11:36:48,1664422608,0.0,0.0,154.19166666666666,0.0,129.31166666666667,0.0,0.0,0.0,0.0,0.0
2022-09-29 11:36:54,1664422614,0.0,0.0,153.41833333333332,0.0,65.84833333333333,0.0,0.0,0.0,0.0,0.0
2022-09-29 11:37:00,1664422620,0.0,0.0,152.14166666666668,0.0,67.05833333333334,0.0,0.0,0.0,0.0,0.0
2022-09-29 11:37:06,1664422626,0.0,0.0,152.1966666666667,0.0,66.29166666666667,0.0,0.0,0.0,0.0,0.0
2022-09-29 11:37:12,1664422632,0.0,0.0,151.185,0.0,65.98833333333333,0.0,0.0,0.0,0.0,0.0
2022-09-29 11:37:18,1664422638,0.0,0.0,150.92666666666665,0.0,252.04166666666663,0.0,0.0,0.0,0.0,0.0
2022-09-29 11:37:24,1664422644,0.0,0.0,150.26166666666666,0.0,94.27,0.0,0.0,0.0,0.0,0.0
2022-09-29 11:37:30,1664422650,0.0,0.0,149.95833333333334,0.0,104.10333333333334,0.0,0.0,0.0,0.0,0.0
2022-09-29 11:37:36,1664422656,0.0,0.0,149.07333333333332,0.0,103.46333333333332,0.0,0.0,0.0,0.0,0.0
2022-09-29 11:37:42,1664422662,0.0,0.0,149.29666666666665,0.0,103.31333333333332,0.0,0.0,0.0,0.0,0.0
2022-09-29 11:37:48,1664422668,0.0,0.0,148.91333333333333,0.0,102.24,0.0,0.0,0.0,0.0,0.0
2022-09-29 11:37:54,1664422674,0.0,0.0,148.44,0.0,101.91833333333334,0.0,0.0,0.0,0.0,0.0
2022-09-29 11:38:00,1664422680,0.0,0.0,148.14333333333337,0.0,101.35333333333334,0.0,0.0,0.0,0.0,0.0
2022-09-29 11:38:06,1664422686,0.0,0.0,148.01,0.0,100.96833333333332,0.0,0.0,0.0,0.0,0.0
2022-09-29 11:38:12,1664422692,0.0,0.0,147.49666666666667,0.0,100.44833333333334,0.0,0.0,0.0,0.0,0.0
2022-09-29 11:38:18,1664422698,0.0,0.0,147.08166666666668,0.0,99.79333333333334,0.0,0.0,0.0,0.0,0.0
2022-09-29 11:38:24,1664422704,0.0,0.0,146.75333333333333,0.0,99.715,0.0,0.0,0.0,0.0,0.0
2022-09-29 11:38:30,1664422710,0.0,0.0,146.1966666666667,0.0,99.60333333333334,0.0,0.0,0.0,0.0,0.0
2022-09-29 11:38:36,1664422716,0.0,0.0,146.065,0.0,99.265,0.0,0.0,0.0,0.0,0.0
2022-09-29 11:38:42,1664422722,0.0,0.0,145.91333333333333,0.0,98.79166666666669,0.0,0.0,0.0,0.0,0.0
2022-09-29 11:38:48,1664422728,0.0,0.0,143.535,0.0,98.38333333333333,0.0,0.0,0.0,0.0,0.0
2022-09-29 11:38:54,1664422734,0.0,0.0,142.76,0.0,98.56833333333331,0.0,0.0,0.0,0.0,0.0
2022-09-29 11:39:00,1664422740,0.0,0.0,146.4466666666667,0.0,98.29166666666669,0.0,0.0,0.0,0.0,0.0
2022-09-29 11:39:06,1664422746,0.0,0.0,156.16833333333332,0.0,97.92166666666668,0.0,0.0,0.0,0.0,0.0
2022-09-29 11:39:12,1664422752,0.0,0.0,165.69666666666666,0.0,97.63,0.0,0.0,0.0,0.0,0.0
2022-09-29 11:39:18,1664422758,0.0,0.0,170.9283333333333,0.0,97.39833333333333,0.0,0.0,0.0,0.0,0.0
2022-09-29 11:39:24,1664422764,0.0,0.0,175.63833333333332,0.0,97.26333333333334,0.0,0.0,0.0,0.0,0.0
2022-09-29 11:39:30,1664422770,0.0,0.0,177.98833333333334,0.0,96.95833333333331,0.0,0.0,0.0,0.0,0.0
2022-09-29 11:39:36,1664422776,0.0,0.0,178.3216666666667,0.0,96.95833333333331,0.0,0.0,0.0,0.0,0.0
2022-09-29 11:39:42,1664422782,0.0,0.0,177.35666666666663,0.0,96.23666666666668,0.0,0.0,0.0,0.0,0.0
2022-09-29 11:39:48,1664422788,0.0,0.0,177.57333333333335,0.0,96.46333333333332,0.0,0.0,0.0,0.0,0.0
2022-09-29 11:39:54,1664422794,0.0,0.0,176.985,0.0,96.09333333333332,0.0,0.0,0.0,0.0,0.0
2022-09-29 11:40:00,1664422800,0.0,0.0,176.89666666666668,0.0,96.27,0.0,0.0,0.0,0.0,0.0
2022-09-29 11:40:06,1664422806,0.0,0.0,176.65833333333333,0.0,95.56833333333331,0.0,0.0,0.0,0.0,0.0
2022-09-29 11:40:12,1664422812,0.0,0.0,176.76833333333332,0.0,95.80666666666669,0.0,0.0,0.0,0.0,0.0
2022-09-29 11:40:18,1664422818,0.0,0.0,177.27166666666668,0.0,41.60833333333333,0.0,0.0,0.0,0.0,0.0
2022-09-29 11:40:24,1664422824,0.0,0.0,176.56833333333336,0.0,19.78333333333333,0.0,0.0,0.0,0.0,0.0
2022-09-29 11:40:30,1664422830,0.0,0.0,176.9983333333333,0.0,19.75333333333333,0.0,0.0,0.0,0.0,0.0
2022-09-29 11:40:36,1664422836,0.0,0.0,176.785,0.0,19.723333333333333,0.0,0.0,0.0,0.0,0.0
2022-09-29 11:40:42,1664422842,0.0,0.0,176.70333333333335,0.0,19.54,0.0,0.0,0.0,0.0,0.0
2022-09-29 11:40:48,1664422848,0.0,0.0,176.84666666666666,0.0,19.56833333333333,0.0,0.0,0.0,0.0,0.0
2022-09-29 11:40:54,1664422854,0.0,0.0,177.1016666666667,0.0,19.591666666666665,0.0,0.0,0.0,0.0,0.0
2022-09-29 11:41:00,1664422860,0.0,0.0,176.97166666666666,0.0,20.205,0.0,0.0,0.0,0.0,0.0
2022-09-29 11:41:06,1664422866,0.0,0.0,177.54333333333332,0.0,16.643333333333334,0.0,0.0,0.0,0.0,0.0
2022-09-29 11:41:12,1664422872,0.0,0.0,179.04166666666666,0.0,12.441666666666668,0.0,0.0,0.0,0.0,0.0
2022-09-29 11:41:18,1664422878,0.0,0.0,180.6383333333333,0.0,12.411666666666669,0.0,0.0,0.0,0.0,0.0
2022-09-29 11:41:24,1664422884,0.0,0.0,181.54,0.0,7.788333333333333,0.0,0.0,0.0,0.0,0.0
2022-09-29 11:41:30,1664422890,0.0,0.0,182.655,0.0,0.0,0.0,0.0,0.0,0.0,0.0
2022-09-29 11:41:36,1664422896,0.0,0.0,183.75833333333333,0.0,0.0,0.0,0.0,0.0,0.0,0.0
2022-09-29 11:41:42,1664422902,0.0,0.0,184.74666666666667,0.0,0.0,0.0,0.0,0.0,0.0,0.0
2022-09-29 11:41:48,1664422908,0.0,0.0,185.3216666666667,0.0,0.0,0.0,0.0,0.0,0.0,0.0
2022-09-29 11:41:54,1664422914,0.0,0.0,185.225,0.0,0.0,0.0,0.0,0.0,0.0,0.0
2022-09-29 11:42:00,1664422920,0.0,0.0,186.42166666666665,0.0,0.0,0.0,0.0,0.0,0.0,0.0
2022-09-29 11:42:06,1664422926,0.0,0.0,184.16,0.0,0.0,0.0,0.0,0.0,0.0,0.0
2022-09-29 11:42:12,1664422932,0.0,0.0,183.2133333333333,0.0,0.0,0.0,0.0,0.0,0.0,0.0
2022-09-29 11:42:18,1664422938,0.0,0.0,181.31333333333336,0.0,0.0,0.0,0.0,0.0,0.0,0.0
2022-09-29 11:42:24,1664422944,0.0,0.0,180.83166666666668,0.0,0.0,0.0,0.0,0.0,0.0,0.0
2022-09-29 11:42:30,1664422950,0.0,0.0,179.83,0.0,0.0,0.0,0.0,0.0,0.0,0.0
2022-09-29 11:42:36,1664422956,0.0,0.0,178.86833333333334,0.0,0.0,0.0,0.0,0.0,0.0,0.0
2022-09-29 11:42:42,1664422962,0.0,0.0,178.18833333333336,0.0,0.0,0.0,0.0,0.0,0.0,0.0
2022-09-29 11:42:48,1664422968,0.0,0.0,178.98833333333334,0.0,0.0,0.0,0.0,0.0,0.0,0.0
2022-09-29 11:42:54,1664422974,0.0,0.0,179.17666666666665,0.0,0.0,0.0,0.0,0.0,0.0,0.0
2022-09-29 11:43:00,1664422980,0.0,0.0,177.79999999999998,0.0,0.0,0.0,0.0,0.0,0.0,0.0
2022-09-29 11:43:06,1664422986,0.0,0.0,178.10833333333335,0.0,0.0,0.0,0.0,0.0,0.0,0.0
2022-09-29 11:43:12,1664422992,0.0,0.0,178.74,0.0,0.0,0.0,0.0,0.0,0.0,0.0
2022-09-29 11:43:18,1664422998,0.0,0.0,178.365,0.0,0.0,0.0,0.0,0.0,0.0,0.0
2022-09-29 11:43:24,1664423004,0.0,0.0,178.11333333333334,0.0,0.0,0.0,0.0,0.0,0.0,0.0
2022-09-29 11:43:30,1664423010,0.0,0.0,177.78,0.0,0.0,0.0,0.0,0.0,0.0,0.0
2022-09-29 11:43:36,1664423016,0.0,0.0,178.46666666666667,0.0,0.0,0.0,0.0,0.0,0.0,0.0
2022-09-29 11:43:42,1664423022,0.0,0.0,178.46666666666667,0.0,0.0,0.0,0.0,0.0,0.0,0.0
2022-09-29 11:43:48,1664423028,0.0,0.0,178.89166666666665,0.0,0.0,0.0,0.0,0.0,0.0,0.0
2022-09-29 11:43:54,1664423034,0.0,0.0,181.78333333333333,0.0,0.0,0.0,0.0,0.0,0.0,0.0
2022-09-29 11:44:00,1664423040,0.0,0.0,171.13166666666666,0.0,0.0,0.0,0.0,0.0,0.0,0.0
2022-09-29 11:44:06,1664423046,0.0,0.0,0.0,0.0,0.0,0.0,0.0,0.0,0.0,0.0
2022-09-29 11:44:12,1664423052,0.0,0.0,0.0,0.0,0.0,0.0,0.0,0.0,0.0,0.0
2022-09-29 11:44:18,1664423058,0.0,0.0,0.0,0.0,0.0,0.0,0.0,0.0,0.0,0.0
2022-09-29 11:44:24,1664423064,0.0,0.0,0.0,0.0,0.0,0.0,0.0,0.0,0.0,0.0
2022-09-29 11:44:30,1664423070,0.0,0.0,0.0,0.0,0.0,0.0,0.0,0.0,0.0,0.0
